[debug] [2026-09-27T10:09:38.078Z] Checked if tokens are valid: false, expires at: 1779685873858
[debug] [2026-09-27T10:09:38.085Z] Checked if tokens are valid: false, expires at: 1779685873858
[debug] [2026-09-27T10:09:38.085Z] > refreshing access token with scopes: []
[debug] [2026-09-27T10:09:38.087Z] >>> [apiv2][query] POST https://www.googleapis.com/oauth2/v3/token [none]
[debug] [2026-09-27T10:09:38.087Z] >>> [apiv2][body] POST https://www.googleapis.com/oauth2/v3/token [omitted]
[debug] [2026-09-27T10:09:38.110Z] Checked if tokens are valid: false, expires at: 1779685873858
[debug] [2026-09-27T10:09:38.110Z] Checked if tokens are valid: false, expires at: 1779685873858
[debug] [2026-09-27T10:09:38.110Z] > refreshing access token with scopes: []
[debug] [2026-09-27T10:09:38.111Z] >>> [apiv2][query] POST https://www.googleapis.com/oauth2/v3/token [none]
[debug] [2026-09-27T10:09:38.111Z] >>> [apiv2][body] POST https://www.googleapis.com/oauth2/v3/token [omitted]
[debug] [2026-09-27T10:09:38.112Z] Checked if tokens are valid: false, expires at: 1779685873858
[debug] [2026-09-27T10:09:38.112Z] Checked if tokens are valid: false, expires at: 1779685873858
[debug] [2026-09-27T10:09:38.112Z] > refreshing access token with scopes: []
[debug] [2026-09-27T10:09:38.113Z] >>> [apiv2][query] POST https://www.googleapis.com/oauth2/v3/token [none]
[debug] [2026-09-27T10:09:38.113Z] >>> [apiv2][body] POST https://www.googleapis.com/oauth2/v3/token [omitted]
[debug] [2026-09-27T10:09:38.114Z] Checked if tokens are valid: false, expires at: 1779685873858
[debug] [2026-09-27T10:09:38.115Z] Checked if tokens are valid: false, expires at: 1779685873858
[debug] [2026-09-27T10:09:38.115Z] > refreshing access token with scopes: []
[debug] [2026-09-27T10:09:38.116Z] >>> [apiv2][query] POST https://www.googleapis.com/oauth2/v3/token [none]
[debug] [2026-09-27T10:09:38.116Z] >>> [apiv2][body] POST https://www.googleapis.com/oauth2/v3/token [omitted]
[debug] [2026-09-27T10:09:38.120Z] Checked if tokens are valid: false, expires at: 1779685873858
[debug] [2026-09-27T10:09:38.120Z] Checked if tokens are valid: false, expires at: 1779685873858
[debug] [2026-09-27T10:09:38.120Z] > refreshing access token with scopes: []
[debug] [2026-09-27T10:09:38.120Z] >>> [apiv2][query] POST https://www.googleapis.com/oauth2/v3/token [none]
[debug] [2026-09-27T10:09:38.120Z] >>> [apiv2][body] POST https://www.googleapis.com/oauth2/v3/token [omitted]
[debug] [2026-09-27T10:09:38.122Z] Checked if tokens are valid: false, expires at: 1779685873858
[debug] [2026-09-27T10:09:38.122Z] Checked if tokens are valid: false, expires at: 1779685873858
[debug] [2026-09-27T10:09:38.122Z] > refreshing access token with scopes: []
[debug] [2026-09-27T10:09:38.123Z] >>> [apiv2][query] POST https://www.googleapis.com/oauth2/v3/token [none]
[debug] [2026-09-27T10:09:38.123Z] >>> [apiv2][body] POST https://www.googleapis.com/oauth2/v3/token [omitted]
[debug] [2026-09-27T10:09:38.125Z] Checked if tokens are valid: false, expires at: 1779685873858
[debug] [2026-09-27T10:09:38.126Z] Checked if tokens are valid: false, expires at: 1779685873858
[debug] [2026-09-27T10:09:38.126Z] > refreshing access token with scopes: []
[debug] [2026-09-27T10:09:38.126Z] >>> [apiv2][query] POST https://www.googleapis.com/oauth2/v3/token [none]
[debug] [2026-09-27T10:09:38.126Z] >>> [apiv2][body] POST https://www.googleapis.com/oauth2/v3/token [omitted]
[debug] [2026-09-27T10:09:38.127Z] Checked if tokens are valid: false, expires at: 1779685873858
[debug] [2026-09-27T10:09:38.128Z] Checked if tokens are valid: false, expires at: 1779685873858
[debug] [2026-09-27T10:09:38.128Z] > refreshing access token with scopes: []
[debug] [2026-09-27T10:09:38.128Z] >>> [apiv2][query] POST https://www.googleapis.com/oauth2/v3/token [none]
[debug] [2026-09-27T10:09:38.128Z] >>> [apiv2][body] POST https://www.googleapis.com/oauth2/v3/token [omitted]
[debug] [2026-09-27T10:09:38.354Z] <<< [apiv2][status] POST https://www.googleapis.com/oauth2/v3/token 200
[debug] [2026-09-27T10:09:38.354Z] <<< [apiv2][body] POST https://www.googleapis.com/oauth2/v3/token [omitted]
[debug] [2026-09-27T10:09:38.375Z] >>> [apiv2][query] GET https://serviceusage.googleapis.com/v1/projects/sppu-notes-84332/services/ [none]
[debug] [2026-09-27T10:09:38.376Z] >>> [apiv2][(partial)header] GET https://serviceusage.googleapis.com/v1/projects/sppu-notes-84332/services/ x-goog-quota-user=projects/sppu-notes-84332
[debug] [2026-09-27T10:09:38.382Z] <<< [apiv2][status] POST https://www.googleapis.com/oauth2/v3/token 200
[debug] [2026-09-27T10:09:38.382Z] <<< [apiv2][body] POST https://www.googleapis.com/oauth2/v3/token [omitted]
[debug] [2026-09-27T10:09:38.401Z] >>> [apiv2][query] GET https://serviceusage.googleapis.com/v1/projects/sppu-notes-84332/services/identitytoolkit.googleapis.com [none]
[debug] [2026-09-27T10:09:38.401Z] >>> [apiv2][(partial)header] GET https://serviceusage.googleapis.com/v1/projects/sppu-notes-84332/services/identitytoolkit.googleapis.com x-goog-quota-user=projects/sppu-notes-84332
[debug] [2026-09-27T10:09:38.405Z] <<< [apiv2][status] POST https://www.googleapis.com/oauth2/v3/token 200
[debug] [2026-09-27T10:09:38.405Z] <<< [apiv2][body] POST https://www.googleapis.com/oauth2/v3/token [omitted]
[debug] [2026-09-27T10:09:38.421Z] >>> [apiv2][query] GET https://serviceusage.googleapis.com/v1/projects/sppu-notes-84332/services/fcm.googleapis.com [none]
[debug] [2026-09-27T10:09:38.421Z] >>> [apiv2][(partial)header] GET https://serviceusage.googleapis.com/v1/projects/sppu-notes-84332/services/fcm.googleapis.com x-goog-quota-user=projects/sppu-notes-84332
[debug] [2026-09-27T10:09:38.426Z] <<< [apiv2][status] POST https://www.googleapis.com/oauth2/v3/token 200
[debug] [2026-09-27T10:09:38.426Z] <<< [apiv2][body] POST https://www.googleapis.com/oauth2/v3/token [omitted]
[debug] [2026-09-27T10:09:38.436Z] >>> [apiv2][query] GET https://serviceusage.googleapis.com/v1/projects/sppu-notes-84332/services/firebaseremoteconfig.googleapis.com [none]
[debug] [2026-09-27T10:09:38.436Z] >>> [apiv2][(partial)header] GET https://serviceusage.googleapis.com/v1/projects/sppu-notes-84332/services/firebaseremoteconfig.googleapis.com x-goog-quota-user=projects/sppu-notes-84332
[debug] [2026-09-27T10:09:38.440Z] <<< [apiv2][status] POST https://www.googleapis.com/oauth2/v3/token 200
[debug] [2026-09-27T10:09:38.440Z] <<< [apiv2][body] POST https://www.googleapis.com/oauth2/v3/token [omitted]
[debug] [2026-09-27T10:09:38.448Z] >>> [apiv2][query] GET https://serviceusage.googleapis.com/v1/projects/sppu-notes-84332/services/firebasecrashlytics.googleapis.com [none]
[debug] [2026-09-27T10:09:38.448Z] >>> [apiv2][(partial)header] GET https://serviceusage.googleapis.com/v1/projects/sppu-notes-84332/services/firebasecrashlytics.googleapis.com x-goog-quota-user=projects/sppu-notes-84332
[debug] [2026-09-27T10:09:38.451Z] <<< [apiv2][status] POST https://www.googleapis.com/oauth2/v3/token 200
[debug] [2026-09-27T10:09:38.451Z] <<< [apiv2][body] POST https://www.googleapis.com/oauth2/v3/token [omitted]
[debug] [2026-09-27T10:09:38.458Z] >>> [apiv2][query] GET https://serviceusage.googleapis.com/v1/projects/sppu-notes-84332/services/firebaseapphosting.googleapis.com [none]
[debug] [2026-09-27T10:09:38.459Z] >>> [apiv2][(partial)header] GET https://serviceusage.googleapis.com/v1/projects/sppu-notes-84332/services/firebaseapphosting.googleapis.com x-goog-quota-user=projects/sppu-notes-84332
[debug] [2026-09-27T10:09:38.496Z] <<< [apiv2][status] POST https://www.googleapis.com/oauth2/v3/token 200
[debug] [2026-09-27T10:09:38.496Z] <<< [apiv2][body] POST https://www.googleapis.com/oauth2/v3/token [omitted]
[debug] [2026-09-27T10:09:38.504Z] >>> [apiv2][query] GET https://serviceusage.googleapis.com/v1/projects/sppu-notes-84332/services/firebaseio.com [none]
[debug] [2026-09-27T10:09:38.504Z] >>> [apiv2][(partial)header] GET https://serviceusage.googleapis.com/v1/projects/sppu-notes-84332/services/firebaseio.com x-goog-quota-user=projects/sppu-notes-84332
[debug] [2026-09-27T10:09:38.600Z] <<< [apiv2][status] POST https://www.googleapis.com/oauth2/v3/token 200
[debug] [2026-09-27T10:09:38.600Z] <<< [apiv2][body] POST https://www.googleapis.com/oauth2/v3/token [omitted]
[debug] [2026-09-27T10:09:38.607Z] >>> [apiv2][query] GET https://serviceusage.googleapis.com/v1/projects/sppu-notes-84332/services/firebasedataconnect.googleapis.com [none]
[debug] [2026-09-27T10:09:38.607Z] >>> [apiv2][(partial)header] GET https://serviceusage.googleapis.com/v1/projects/sppu-notes-84332/services/firebasedataconnect.googleapis.com x-goog-quota-user=projects/sppu-notes-84332
[debug] [2026-09-27T10:09:40.170Z] <<< [apiv2][status] GET https://serviceusage.googleapis.com/v1/projects/sppu-notes-84332/services/firebaseio.com 403
[debug] [2026-09-27T10:09:40.170Z] <<< [apiv2][body] GET https://serviceusage.googleapis.com/v1/projects/sppu-notes-84332/services/firebaseio.com [omitted]
[debug] [2026-09-27T10:09:40.175Z] <<< [apiv2][status] GET https://serviceusage.googleapis.com/v1/projects/sppu-notes-84332/services/firebaseremoteconfig.googleapis.com 200
[debug] [2026-09-27T10:09:40.175Z] <<< [apiv2][body] GET https://serviceusage.googleapis.com/v1/projects/sppu-notes-84332/services/firebaseremoteconfig.googleapis.com [omitted]
[debug] [2026-09-27T10:09:40.190Z] <<< [apiv2][status] GET https://serviceusage.googleapis.com/v1/projects/sppu-notes-84332/services/fcm.googleapis.com 200
[debug] [2026-09-27T10:09:40.191Z] <<< [apiv2][body] GET https://serviceusage.googleapis.com/v1/projects/sppu-notes-84332/services/fcm.googleapis.com [omitted]
[debug] [2026-09-27T10:09:40.209Z] <<< [apiv2][status] GET https://serviceusage.googleapis.com/v1/projects/sppu-notes-84332/services/firebasecrashlytics.googleapis.com 200
[debug] [2026-09-27T10:09:40.209Z] <<< [apiv2][body] GET https://serviceusage.googleapis.com/v1/projects/sppu-notes-84332/services/firebasecrashlytics.googleapis.com [omitted]
[debug] [2026-09-27T10:09:40.209Z] <<< [apiv2][status] GET https://serviceusage.googleapis.com/v1/projects/sppu-notes-84332/services/firebaseapphosting.googleapis.com 200
[debug] [2026-09-27T10:09:40.209Z] <<< [apiv2][body] GET https://serviceusage.googleapis.com/v1/projects/sppu-notes-84332/services/firebaseapphosting.googleapis.com [omitted]
[debug] [2026-09-27T10:09:40.225Z] <<< [apiv2][status] GET https://serviceusage.googleapis.com/v1/projects/sppu-notes-84332/services/identitytoolkit.googleapis.com 200
[debug] [2026-09-27T10:09:40.225Z] <<< [apiv2][body] GET https://serviceusage.googleapis.com/v1/projects/sppu-notes-84332/services/identitytoolkit.googleapis.com [omitted]
[debug] [2026-09-27T10:09:40.427Z] <<< [apiv2][status] GET https://serviceusage.googleapis.com/v1/projects/sppu-notes-84332/services/firebasedataconnect.googleapis.com 200
[debug] [2026-09-27T10:09:40.427Z] <<< [apiv2][body] GET https://serviceusage.googleapis.com/v1/projects/sppu-notes-84332/services/firebasedataconnect.googleapis.com [omitted]
[debug] [2026-09-27T10:09:40.620Z] <<< [apiv2][status] GET https://serviceusage.googleapis.com/v1/projects/sppu-notes-84332/services/ 200
[debug] [2026-09-27T10:09:40.620Z] <<< [apiv2][body] GET https://serviceusage.googleapis.com/v1/projects/sppu-notes-84332/services/ [omitted]
[debug] [2026-09-27T11:56:47.096Z] Checked if tokens are valid: false, expires at: 1790507377600
[debug] [2026-09-27T11:56:36.109Z] Checked if tokens are valid: false, expires at: 1790507377600
[debug] [2026-09-27T11:56:48.740Z] Checked if tokens are valid: false, expires at: 1790507377600
[debug] [2026-09-27T11:56:48.770Z] > refreshing access token with scopes: []
[debug] [2026-09-27T11:56:48.913Z] >>> [apiv2][query] POST https://www.googleapis.com/oauth2/v3/token [none]
[debug] [2026-09-27T11:56:48.921Z] >>> [apiv2][body] POST https://www.googleapis.com/oauth2/v3/token [omitted]
[debug] [2026-09-27T11:56:51.572Z] Checked if tokens are valid: false, expires at: 1790507377600
[debug] [2026-09-27T11:56:51.572Z] Checked if tokens are valid: false, expires at: 1790507377600
[debug] [2026-09-27T11:56:51.573Z] > refreshing access token with scopes: []
[debug] [2026-09-27T11:56:51.581Z] >>> [apiv2][query] POST https://www.googleapis.com/oauth2/v3/token [none]
[debug] [2026-09-27T11:56:51.581Z] >>> [apiv2][body] POST https://www.googleapis.com/oauth2/v3/token [omitted]
[debug] [2026-09-27T11:56:51.586Z] Checked if tokens are valid: false, expires at: 1790507377600
[debug] [2026-09-27T11:56:51.587Z] Checked if tokens are valid: false, expires at: 1790507377600
[debug] [2026-09-27T11:56:51.587Z] > refreshing access token with scopes: []
[debug] [2026-09-27T11:56:51.590Z] >>> [apiv2][query] POST https://www.googleapis.com/oauth2/v3/token [none]
[debug] [2026-09-27T11:56:51.590Z] >>> [apiv2][body] POST https://www.googleapis.com/oauth2/v3/token [omitted]
[debug] [2026-09-27T11:56:51.594Z] Checked if tokens are valid: false, expires at: 1790507377600
[debug] [2026-09-27T11:56:51.595Z] Checked if tokens are valid: false, expires at: 1790507377600
[debug] [2026-09-27T11:56:51.595Z] > refreshing access token with scopes: []
[debug] [2026-09-27T11:56:51.595Z] >>> [apiv2][query] POST https://www.googleapis.com/oauth2/v3/token [none]
[debug] [2026-09-27T11:56:51.595Z] >>> [apiv2][body] POST https://www.googleapis.com/oauth2/v3/token [omitted]
[debug] [2026-09-27T11:56:51.597Z] Checked if tokens are valid: false, expires at: 1790507377600
[debug] [2026-09-27T11:56:51.597Z] Checked if tokens are valid: false, expires at: 1790507377600
[debug] [2026-09-27T11:56:51.597Z] > refreshing access token with scopes: []
[debug] [2026-09-27T11:56:51.597Z] >>> [apiv2][query] POST https://www.googleapis.com/oauth2/v3/token [none]
[debug] [2026-09-27T11:56:51.598Z] >>> [apiv2][body] POST https://www.googleapis.com/oauth2/v3/token [omitted]
[debug] [2026-09-27T11:56:37.022Z] Checked if tokens are valid: false, expires at: 1790507377600
[debug] [2026-09-27T11:56:37.028Z] > refreshing access token with scopes: []
[debug] [2026-09-27T11:56:37.206Z] >>> [apiv2][query] POST https://www.googleapis.com/oauth2/v3/token [none]
[debug] [2026-09-27T11:56:37.207Z] >>> [apiv2][body] POST https://www.googleapis.com/oauth2/v3/token [omitted]
[debug] [2026-09-27T11:56:49.041Z] Checked if tokens are valid: false, expires at: 1790507377600
[debug] [2026-09-27T11:56:49.042Z] Checked if tokens are valid: false, expires at: 1790507377600
[debug] [2026-09-27T11:56:49.042Z] > refreshing access token with scopes: []
[debug] [2026-09-27T11:56:49.059Z] >>> [apiv2][query] POST https://www.googleapis.com/oauth2/v3/token [none]
[debug] [2026-09-27T11:56:49.060Z] >>> [apiv2][body] POST https://www.googleapis.com/oauth2/v3/token [omitted]
[debug] [2026-09-27T11:56:49.685Z] Checked if tokens are valid: false, expires at: 1790507377600
[debug] [2026-09-27T11:56:49.685Z] Checked if tokens are valid: false, expires at: 1790507377600
[debug] [2026-09-27T11:56:49.686Z] > refreshing access token with scopes: []
[debug] [2026-09-27T11:56:49.694Z] >>> [apiv2][query] POST https://www.googleapis.com/oauth2/v3/token [none]
[debug] [2026-09-27T11:56:49.694Z] >>> [apiv2][body] POST https://www.googleapis.com/oauth2/v3/token [omitted]
[debug] [2026-09-27T11:56:49.698Z] Checked if tokens are valid: false, expires at: 1790507377600
[debug] [2026-09-27T11:56:49.698Z] Checked if tokens are valid: false, expires at: 1790507377600
[debug] [2026-09-27T11:56:49.698Z] > refreshing access token with scopes: []
[debug] [2026-09-27T11:56:49.699Z] >>> [apiv2][query] POST https://www.googleapis.com/oauth2/v3/token [none]
[debug] [2026-09-27T11:56:49.699Z] >>> [apiv2][body] POST https://www.googleapis.com/oauth2/v3/token [omitted]
[debug] [2026-09-27T11:56:49.703Z] Checked if tokens are valid: false, expires at: 1790507377600
[debug] [2026-09-27T11:56:49.703Z] Checked if tokens are valid: false, expires at: 1790507377600
[debug] [2026-09-27T11:56:49.703Z] > refreshing access token with scopes: []
[debug] [2026-09-27T11:56:49.703Z] >>> [apiv2][query] POST https://www.googleapis.com/oauth2/v3/token [none]
[debug] [2026-09-27T11:56:49.703Z] >>> [apiv2][body] POST https://www.googleapis.com/oauth2/v3/token [omitted]
[debug] [2026-09-27T11:56:49.443Z] Checked if tokens are valid: false, expires at: 1790507377600
[debug] [2026-09-27T11:56:49.658Z] Checked if tokens are valid: false, expires at: 1790507377600
[debug] [2026-09-27T11:56:49.673Z] > refreshing access token with scopes: []
[debug] [2026-09-27T11:56:49.788Z] >>> [apiv2][query] POST https://www.googleapis.com/oauth2/v3/token [none]
[debug] [2026-09-27T11:56:49.788Z] >>> [apiv2][body] POST https://www.googleapis.com/oauth2/v3/token [omitted]
[debug] [2026-09-27T11:56:51.620Z] Checked if tokens are valid: false, expires at: 1790507377600
[debug] [2026-09-27T11:56:51.621Z] Checked if tokens are valid: false, expires at: 1790507377600
[debug] [2026-09-27T11:56:51.621Z] > refreshing access token with scopes: []
[debug] [2026-09-27T11:56:51.622Z] >>> [apiv2][query] POST https://www.googleapis.com/oauth2/v3/token [none]
[debug] [2026-09-27T11:56:51.622Z] >>> [apiv2][body] POST https://www.googleapis.com/oauth2/v3/token [omitted]
[debug] [2026-09-27T11:56:51.657Z] Checked if tokens are valid: false, expires at: 1790507377600
[debug] [2026-09-27T11:56:51.657Z] Checked if tokens are valid: false, expires at: 1790507377600
[debug] [2026-09-27T11:56:51.658Z] > refreshing access token with scopes: []
[debug] [2026-09-27T11:56:51.665Z] >>> [apiv2][query] POST https://www.googleapis.com/oauth2/v3/token [none]
[debug] [2026-09-27T11:56:51.665Z] >>> [apiv2][body] POST https://www.googleapis.com/oauth2/v3/token [omitted]
[debug] [2026-09-27T11:56:51.668Z] Checked if tokens are valid: false, expires at: 1790507377600
[debug] [2026-09-27T11:56:51.668Z] Checked if tokens are valid: false, expires at: 1790507377600
[debug] [2026-09-27T11:56:51.668Z] > refreshing access token with scopes: []
[debug] [2026-09-27T11:56:51.668Z] >>> [apiv2][query] POST https://www.googleapis.com/oauth2/v3/token [none]
[debug] [2026-09-27T11:56:51.668Z] >>> [apiv2][body] POST https://www.googleapis.com/oauth2/v3/token [omitted]
[debug] [2026-09-27T11:56:51.670Z] Checked if tokens are valid: false, expires at: 1790507377600
[debug] [2026-09-27T11:56:51.670Z] Checked if tokens are valid: false, expires at: 1790507377600
[debug] [2026-09-27T11:56:51.670Z] > refreshing access token with scopes: []
[debug] [2026-09-27T11:56:51.670Z] >>> [apiv2][query] POST https://www.googleapis.com/oauth2/v3/token [none]
[debug] [2026-09-27T11:56:51.670Z] >>> [apiv2][body] POST https://www.googleapis.com/oauth2/v3/token [omitted]
[debug] [2026-09-27T11:56:54.028Z] <<< [apiv2][status] POST https://www.googleapis.com/oauth2/v3/token 200
[debug] [2026-09-27T11:56:54.030Z] <<< [apiv2][status] POST https://www.googleapis.com/oauth2/v3/token 200
[debug] [2026-09-27T11:56:54.034Z] <<< [apiv2][status] POST https://www.googleapis.com/oauth2/v3/token 200
[debug] [2026-09-27T11:56:59.763Z] Checked if tokens are valid: false, expires at: 1790507377600
[debug] [2026-09-27T11:56:59.796Z] Checked if tokens are valid: false, expires at: 1790507377600
[debug] [2026-09-27T11:56:59.811Z] > refreshing access token with scopes: []
[debug] [2026-09-27T11:56:59.813Z] >>> [apiv2][query] POST https://www.googleapis.com/oauth2/v3/token [none]
[debug] [2026-09-27T11:56:59.814Z] >>> [apiv2][body] POST https://www.googleapis.com/oauth2/v3/token [omitted]
[debug] [2026-09-27T11:56:59.896Z] Checked if tokens are valid: false, expires at: 1790507377600
[debug] [2026-09-27T11:56:59.896Z] Checked if tokens are valid: false, expires at: 1790507377600
[debug] [2026-09-27T11:56:59.896Z] > refreshing access token with scopes: []
[debug] [2026-09-27T11:56:59.897Z] >>> [apiv2][query] POST https://www.googleapis.com/oauth2/v3/token [none]
[debug] [2026-09-27T11:56:59.898Z] >>> [apiv2][body] POST https://www.googleapis.com/oauth2/v3/token [omitted]
[debug] [2026-09-27T11:56:59.919Z] Checked if tokens are valid: false, expires at: 1790507377600
[debug] [2026-09-27T11:56:59.920Z] Checked if tokens are valid: false, expires at: 1790507377600
[debug] [2026-09-27T11:56:59.920Z] > refreshing access token with scopes: []
[debug] [2026-09-27T11:56:59.920Z] >>> [apiv2][query] POST https://www.googleapis.com/oauth2/v3/token [none]
[debug] [2026-09-27T11:56:59.920Z] >>> [apiv2][body] POST https://www.googleapis.com/oauth2/v3/token [omitted]
[debug] [2026-09-27T11:56:59.922Z] Checked if tokens are valid: false, expires at: 1790507377600
[debug] [2026-09-27T11:56:59.922Z] Checked if tokens are valid: false, expires at: 1790507377600
[debug] [2026-09-27T11:56:59.922Z] > refreshing access token with scopes: []
[debug] [2026-09-27T11:56:59.922Z] >>> [apiv2][query] POST https://www.googleapis.com/oauth2/v3/token [none]
[debug] [2026-09-27T11:56:59.922Z] >>> [apiv2][body] POST https://www.googleapis.com/oauth2/v3/token [omitted]
[debug] [2026-09-27T11:56:59.927Z] Checked if tokens are valid: false, expires at: 1790507377600
[debug] [2026-09-27T11:56:59.927Z] Checked if tokens are valid: false, expires at: 1790507377600
[debug] [2026-09-27T11:56:59.927Z] > refreshing access token with scopes: []
[debug] [2026-09-27T11:56:59.931Z] >>> [apiv2][query] POST https://www.googleapis.com/oauth2/v3/token [none]
[debug] [2026-09-27T11:56:59.931Z] >>> [apiv2][body] POST https://www.googleapis.com/oauth2/v3/token [omitted]
[debug] [2026-09-27T11:57:00.208Z] <<< [apiv2][status] POST https://www.googleapis.com/oauth2/v3/token 200
[debug] [2026-09-27T11:56:54.031Z] <<< [apiv2][body] POST https://www.googleapis.com/oauth2/v3/token [omitted]
[debug] [2026-09-27T11:57:00.042Z] >>> [apiv2][query] GET https://serviceusage.googleapis.com/v1/projects/sppu-notes-84332/services/ [none]
[debug] [2026-09-27T11:57:00.043Z] >>> [apiv2][(partial)header] GET https://serviceusage.googleapis.com/v1/projects/sppu-notes-84332/services/ x-goog-quota-user=projects/sppu-notes-84332
[debug] [2026-09-27T11:57:00.044Z] <<< [apiv2][status] POST https://www.googleapis.com/oauth2/v3/token 200
[debug] [2026-09-27T11:57:00.044Z] <<< [apiv2][body] POST https://www.googleapis.com/oauth2/v3/token [omitted]
[error] Authentication Error: Your credentials are no longer valid. Please run firebase login --reauth

For CI servers and headless environments, generate a new token with firebase login:ci
[debug] [2026-09-27T11:57:00.322Z] <<< [apiv2][status] POST https://www.googleapis.com/oauth2/v3/token 200
[debug] [2026-09-27T11:57:00.322Z] <<< [apiv2][body] POST https://www.googleapis.com/oauth2/v3/token [omitted]
[error] Authentication Error: Your credentials are no longer valid. Please run firebase login --reauth

For CI servers and headless environments, generate a new token with firebase login:ci
[debug] [2026-09-27T11:57:00.409Z] <<< [apiv2][status] POST https://www.googleapis.com/oauth2/v3/token 200
[debug] [2026-09-27T11:56:54.034Z] <<< [apiv2][body] POST https://www.googleapis.com/oauth2/v3/token [omitted]
[debug] [2026-09-27T11:56:59.989Z] >>> [apiv2][query] GET https://serviceusage.googleapis.com/v1/projects/sppu-notes-84332/services/firebaseio.com [none]
[debug] [2026-09-27T11:56:59.989Z] >>> [apiv2][(partial)header] GET https://serviceusage.googleapis.com/v1/projects/sppu-notes-84332/services/firebaseio.com x-goog-quota-user=projects/sppu-notes-84332
[debug] [2026-09-27T11:56:59.993Z] <<< [apiv2][status] POST https://www.googleapis.com/oauth2/v3/token 200
[debug] [2026-09-27T11:56:59.993Z] <<< [apiv2][body] POST https://www.googleapis.com/oauth2/v3/token [omitted]
[error] Authentication Error: Your credentials are no longer valid. Please run firebase login --reauth

For CI servers and headless environments, generate a new token with firebase login:ci
[debug] [2026-09-27T11:57:00.041Z] <<< [apiv2][status] POST https://www.googleapis.com/oauth2/v3/token 200
[debug] [2026-09-27T11:57:00.041Z] <<< [apiv2][body] POST https://www.googleapis.com/oauth2/v3/token [omitted]
[error] Authentication Error: Your credentials are no longer valid. Please run firebase login --reauth

For CI servers and headless environments, generate a new token with firebase login:ci
[debug] [2026-09-27T11:57:00.254Z] <<< [apiv2][status] POST https://www.googleapis.com/oauth2/v3/token 200
[debug] [2026-09-27T11:57:00.255Z] <<< [apiv2][body] POST https://www.googleapis.com/oauth2/v3/token [omitted]
[error] Authentication Error: Your credentials are no longer valid. Please run firebase login --reauth

For CI servers and headless environments, generate a new token with firebase login:ci
[debug] [2026-09-27T11:57:00.208Z] <<< [apiv2][body] POST https://www.googleapis.com/oauth2/v3/token [omitted]
[error] Authentication Error: Your credentials are no longer valid. Please run firebase login --reauth

For CI servers and headless environments, generate a new token with firebase login:ci
[debug] [2026-09-27T11:57:00.461Z] <<< [apiv2][status] POST https://www.googleapis.com/oauth2/v3/token 200
[debug] [2026-09-27T11:57:00.461Z] <<< [apiv2][body] POST https://www.googleapis.com/oauth2/v3/token [omitted]
[error] Authentication Error: Your credentials are no longer valid. Please run firebase login --reauth

For CI servers and headless environments, generate a new token with firebase login:ci
[debug] [2026-09-27T11:57:00.597Z] <<< [apiv2][status] POST https://www.googleapis.com/oauth2/v3/token 200
[debug] [2026-09-27T11:56:54.029Z] <<< [apiv2][body] POST https://www.googleapis.com/oauth2/v3/token [omitted]
[error] Authentication Error: Your credentials are no longer valid. Please run firebase login --reauth

For CI servers and headless environments, generate a new token with firebase login:ci
[debug] [2026-09-27T11:57:00.042Z] <<< [apiv2][status] POST https://www.googleapis.com/oauth2/v3/token 200
[debug] [2026-09-27T11:57:00.043Z] <<< [apiv2][body] POST https://www.googleapis.com/oauth2/v3/token [omitted]
[debug] [2026-09-27T11:57:00.363Z] >>> [apiv2][query] GET https://serviceusage.googleapis.com/v1/projects/sppu-notes-84332/services/firebasecrashlytics.googleapis.com [none]
[debug] [2026-09-27T11:57:00.364Z] >>> [apiv2][(partial)header] GET https://serviceusage.googleapis.com/v1/projects/sppu-notes-84332/services/firebasecrashlytics.googleapis.com x-goog-quota-user=projects/sppu-notes-84332
[debug] [2026-09-27T11:57:00.372Z] <<< [apiv2][status] POST https://www.googleapis.com/oauth2/v3/token 200
[debug] [2026-09-27T11:57:00.372Z] <<< [apiv2][body] POST https://www.googleapis.com/oauth2/v3/token [omitted]
[error] Authentication Error: Your credentials are no longer valid. Please run firebase login --reauth

For CI servers and headless environments, generate a new token with firebase login:ci
[debug] [2026-09-27T11:57:00.571Z] <<< [apiv2][status] POST https://www.googleapis.com/oauth2/v3/token 200
[debug] [2026-09-27T11:57:00.571Z] <<< [apiv2][body] POST https://www.googleapis.com/oauth2/v3/token [omitted]
[error] Authentication Error: Your credentials are no longer valid. Please run firebase login --reauth

For CI servers and headless environments, generate a new token with firebase login:ci
[debug] [2026-09-27T11:57:00.409Z] <<< [apiv2][body] POST https://www.googleapis.com/oauth2/v3/token [omitted]
[debug] [2026-09-27T11:57:00.659Z] >>> [apiv2][query] GET https://serviceusage.googleapis.com/v1/projects/sppu-notes-84332/services/firebasedataconnect.googleapis.com [none]
[debug] [2026-09-27T11:57:00.659Z] >>> [apiv2][(partial)header] GET https://serviceusage.googleapis.com/v1/projects/sppu-notes-84332/services/firebasedataconnect.googleapis.com x-goog-quota-user=projects/sppu-notes-84332
[debug] [2026-09-27T11:57:00.665Z] <<< [apiv2][status] POST https://www.googleapis.com/oauth2/v3/token 200
[debug] [2026-09-27T11:57:00.667Z] <<< [apiv2][status] POST https://www.googleapis.com/oauth2/v3/token 200
[debug] [2026-09-27T11:57:00.582Z] <<< [apiv2][status] POST https://www.googleapis.com/oauth2/v3/token 200
[debug] [2026-09-27T11:57:00.582Z] <<< [apiv2][body] POST https://www.googleapis.com/oauth2/v3/token [omitted]
[error] Authentication Error: Your credentials are no longer valid. Please run firebase login --reauth

For CI servers and headless environments, generate a new token with firebase login:ci
[debug] [2026-09-27T11:57:00.597Z] <<< [apiv2][body] POST https://www.googleapis.com/oauth2/v3/token [omitted]
[debug] [2026-09-27T11:57:00.839Z] >>> [apiv2][query] GET https://serviceusage.googleapis.com/v1/projects/sppu-notes-84332/services/firebasecrashlytics.googleapis.com [none]
[debug] [2026-09-27T11:57:00.839Z] >>> [apiv2][(partial)header] GET https://serviceusage.googleapis.com/v1/projects/sppu-notes-84332/services/firebasecrashlytics.googleapis.com x-goog-quota-user=projects/sppu-notes-84332
[debug] [2026-09-27T11:57:00.668Z] <<< [apiv2][body] POST https://www.googleapis.com/oauth2/v3/token [omitted]
[error] Authentication Error: Your credentials are no longer valid. Please run firebase login --reauth

For CI servers and headless environments, generate a new token with firebase login:ci
[debug] [2026-09-27T11:57:00.665Z] <<< [apiv2][body] POST https://www.googleapis.com/oauth2/v3/token [omitted]
[error] Authentication Error: Your credentials are no longer valid. Please run firebase login --reauth

For CI servers and headless environments, generate a new token with firebase login:ci
[debug] [2026-09-27T11:57:00.842Z] <<< [apiv2][status] POST https://www.googleapis.com/oauth2/v3/token 200
[debug] [2026-09-27T11:57:00.842Z] <<< [apiv2][body] POST https://www.googleapis.com/oauth2/v3/token [omitted]
[debug] [2026-09-27T11:57:00.965Z] >>> [apiv2][query] GET https://serviceusage.googleapis.com/v1/projects/sppu-notes-84332/services/firebasedataconnect.googleapis.com [none]
[debug] [2026-09-27T11:57:00.966Z] >>> [apiv2][(partial)header] GET https://serviceusage.googleapis.com/v1/projects/sppu-notes-84332/services/firebasedataconnect.googleapis.com x-goog-quota-user=projects/sppu-notes-84332
[debug] [2026-09-27T11:57:00.968Z] <<< [apiv2][status] POST https://www.googleapis.com/oauth2/v3/token 200
[debug] [2026-09-27T11:57:00.968Z] <<< [apiv2][body] POST https://www.googleapis.com/oauth2/v3/token [omitted]
[debug] [2026-09-27T11:57:01.051Z] >>> [apiv2][query] GET https://serviceusage.googleapis.com/v1/projects/sppu-notes-84332/services/firebaseio.com [none]
[debug] [2026-09-27T11:57:01.051Z] >>> [apiv2][(partial)header] GET https://serviceusage.googleapis.com/v1/projects/sppu-notes-84332/services/firebaseio.com x-goog-quota-user=projects/sppu-notes-84332
[debug] [2026-09-27T11:57:02.383Z] <<< [apiv2][status] GET https://serviceusage.googleapis.com/v1/projects/sppu-notes-84332/services/firebaseio.com 403
[debug] [2026-09-27T11:57:02.383Z] <<< [apiv2][body] GET https://serviceusage.googleapis.com/v1/projects/sppu-notes-84332/services/firebaseio.com [omitted]
[debug] [2026-09-27T11:57:02.651Z] <<< [apiv2][status] GET https://serviceusage.googleapis.com/v1/projects/sppu-notes-84332/services/firebasecrashlytics.googleapis.com 200
[debug] [2026-09-27T11:57:02.651Z] <<< [apiv2][body] GET https://serviceusage.googleapis.com/v1/projects/sppu-notes-84332/services/firebasecrashlytics.googleapis.com [omitted]
[debug] [2026-09-27T11:57:02.655Z] <<< [apiv2][status] GET https://serviceusage.googleapis.com/v1/projects/sppu-notes-84332/services/firebasedataconnect.googleapis.com 200
[debug] [2026-09-27T11:57:02.656Z] <<< [apiv2][body] GET https://serviceusage.googleapis.com/v1/projects/sppu-notes-84332/services/firebasedataconnect.googleapis.com [omitted]
[debug] [2026-09-27T11:57:02.746Z] <<< [apiv2][status] GET https://serviceusage.googleapis.com/v1/projects/sppu-notes-84332/services/ 200
[debug] [2026-09-27T11:57:02.747Z] <<< [apiv2][body] GET https://serviceusage.googleapis.com/v1/projects/sppu-notes-84332/services/ [omitted]
[debug] [2026-09-27T11:57:02.851Z] <<< [apiv2][status] GET https://serviceusage.googleapis.com/v1/projects/sppu-notes-84332/services/firebaseio.com 403
[debug] [2026-09-27T11:57:02.851Z] <<< [apiv2][body] GET https://serviceusage.googleapis.com/v1/projects/sppu-notes-84332/services/firebaseio.com [omitted]
[debug] [2026-09-27T11:57:02.942Z] <<< [apiv2][status] GET https://serviceusage.googleapis.com/v1/projects/sppu-notes-84332/services/firebasecrashlytics.googleapis.com 200
[debug] [2026-09-27T11:57:02.942Z] <<< [apiv2][body] GET https://serviceusage.googleapis.com/v1/projects/sppu-notes-84332/services/firebasecrashlytics.googleapis.com [omitted]
[debug] [2026-09-27T11:57:02.943Z] <<< [apiv2][status] GET https://serviceusage.googleapis.com/v1/projects/sppu-notes-84332/services/firebasedataconnect.googleapis.com 200
[debug] [2026-09-27T11:57:02.943Z] <<< [apiv2][body] GET https://serviceusage.googleapis.com/v1/projects/sppu-notes-84332/services/firebasedataconnect.googleapis.com [omitted]
[debug] [2026-09-27T11:57:04.606Z] Checked if tokens are valid: true, expires at: 1790513819968
[debug] [2026-09-27T11:57:04.628Z] Checked if tokens are valid: true, expires at: 1790513819968
[debug] [2026-09-27T11:57:04.633Z] Checked if tokens are valid: true, expires at: 1790513819968
[debug] [2026-09-27T11:57:04.633Z] Checked if tokens are valid: true, expires at: 1790513819968
[debug] [2026-09-27T11:57:04.639Z] Checked if tokens are valid: true, expires at: 1790513819968
[debug] [2026-09-27T11:57:04.640Z] Checked if tokens are valid: true, expires at: 1790513819968
[debug] [2026-09-27T11:57:04.649Z] Checked if tokens are valid: true, expires at: 1790513819968
[debug] [2026-09-27T11:57:04.650Z] Checked if tokens are valid: true, expires at: 1790513819968
[debug] [2026-09-27T11:57:04.654Z] Checked if tokens are valid: true, expires at: 1790513819968
[debug] [2026-09-27T11:57:04.654Z] Checked if tokens are valid: true, expires at: 1790513819968
[debug] [2026-09-27T11:57:04.687Z] >>> [apiv2][query] GET https://serviceusage.googleapis.com/v1/projects/sppu-notes-84332/services/ [none]
[debug] [2026-09-27T11:57:04.687Z] >>> [apiv2][(partial)header] GET https://serviceusage.googleapis.com/v1/projects/sppu-notes-84332/services/ x-goog-quota-user=projects/sppu-notes-84332
[debug] [2026-09-27T11:57:04.823Z] >>> [apiv2][query] GET https://serviceusage.googleapis.com/v1/projects/sppu-notes-84332/services/firebasedataconnect.googleapis.com [none]
[debug] [2026-09-27T11:57:04.823Z] >>> [apiv2][(partial)header] GET https://serviceusage.googleapis.com/v1/projects/sppu-notes-84332/services/firebasedataconnect.googleapis.com x-goog-quota-user=projects/sppu-notes-84332
[debug] [2026-09-27T11:57:04.824Z] >>> [apiv2][query] GET https://serviceusage.googleapis.com/v1/projects/sppu-notes-84332/services/firebasecrashlytics.googleapis.com [none]
[debug] [2026-09-27T11:57:04.824Z] >>> [apiv2][(partial)header] GET https://serviceusage.googleapis.com/v1/projects/sppu-notes-84332/services/firebasecrashlytics.googleapis.com x-goog-quota-user=projects/sppu-notes-84332
[debug] [2026-09-27T11:57:04.825Z] >>> [apiv2][query] GET https://serviceusage.googleapis.com/v1/projects/sppu-notes-84332/services/firebaseapphosting.googleapis.com [none]
[debug] [2026-09-27T11:57:04.826Z] >>> [apiv2][(partial)header] GET https://serviceusage.googleapis.com/v1/projects/sppu-notes-84332/services/firebaseapphosting.googleapis.com x-goog-quota-user=projects/sppu-notes-84332
[debug] [2026-09-27T11:57:04.827Z] >>> [apiv2][query] GET https://serviceusage.googleapis.com/v1/projects/sppu-notes-84332/services/firebaseio.com [none]
[debug] [2026-09-27T11:57:04.827Z] >>> [apiv2][(partial)header] GET https://serviceusage.googleapis.com/v1/projects/sppu-notes-84332/services/firebaseio.com x-goog-quota-user=projects/sppu-notes-84332
[debug] [2026-09-27T11:57:06.623Z] <<< [apiv2][status] GET https://serviceusage.googleapis.com/v1/projects/sppu-notes-84332/services/firebaseio.com 403
[debug] [2026-09-27T11:57:06.624Z] <<< [apiv2][body] GET https://serviceusage.googleapis.com/v1/projects/sppu-notes-84332/services/firebaseio.com [omitted]
[debug] [2026-09-27T11:57:06.760Z] <<< [apiv2][status] GET https://serviceusage.googleapis.com/v1/projects/sppu-notes-84332/services/firebasedataconnect.googleapis.com 200
[debug] [2026-09-27T11:57:06.760Z] <<< [apiv2][body] GET https://serviceusage.googleapis.com/v1/projects/sppu-notes-84332/services/firebasedataconnect.googleapis.com [omitted]
[debug] [2026-09-27T11:57:06.762Z] <<< [apiv2][status] GET https://serviceusage.googleapis.com/v1/projects/sppu-notes-84332/services/firebasecrashlytics.googleapis.com 200
[debug] [2026-09-27T11:57:06.762Z] <<< [apiv2][body] GET https://serviceusage.googleapis.com/v1/projects/sppu-notes-84332/services/firebasecrashlytics.googleapis.com [omitted]
[debug] [2026-09-27T11:57:06.764Z] <<< [apiv2][status] GET https://serviceusage.googleapis.com/v1/projects/sppu-notes-84332/services/firebaseapphosting.googleapis.com 200
[debug] [2026-09-27T11:57:06.764Z] <<< [apiv2][body] GET https://serviceusage.googleapis.com/v1/projects/sppu-notes-84332/services/firebaseapphosting.googleapis.com [omitted]
[debug] [2026-09-27T11:57:07.096Z] <<< [apiv2][status] GET https://serviceusage.googleapis.com/v1/projects/sppu-notes-84332/services/ 200
[debug] [2026-09-27T11:57:07.097Z] <<< [apiv2][body] GET https://serviceusage.googleapis.com/v1/projects/sppu-notes-84332/services/ [omitted]
[debug] [2026-09-27T11:57:04.835Z] Checked if tokens are valid: true, expires at: 1790513819968
[debug] [2026-09-27T11:57:05.126Z] Checked if tokens are valid: true, expires at: 1790513819968
[debug] [2026-09-27T11:57:05.151Z] Checked if tokens are valid: true, expires at: 1790513819968
[debug] [2026-09-27T11:57:05.152Z] Checked if tokens are valid: true, expires at: 1790513819968
[debug] [2026-09-27T11:57:05.154Z] Checked if tokens are valid: true, expires at: 1790513819968
[debug] [2026-09-27T11:57:05.193Z] Checked if tokens are valid: true, expires at: 1790513819968
[debug] [2026-09-27T11:57:05.205Z] Checked if tokens are valid: true, expires at: 1790513819968
[debug] [2026-09-27T11:57:05.205Z] Checked if tokens are valid: true, expires at: 1790513819968
[debug] [2026-09-27T11:57:05.207Z] Checked if tokens are valid: true, expires at: 1790513819968
[debug] [2026-09-27T11:57:05.208Z] Checked if tokens are valid: true, expires at: 1790513819968
[debug] [2026-09-27T11:57:05.327Z] >>> [apiv2][query] GET https://serviceusage.googleapis.com/v1/projects/sppu-notes-84332/services/ [none]
[debug] [2026-09-27T11:57:05.328Z] >>> [apiv2][(partial)header] GET https://serviceusage.googleapis.com/v1/projects/sppu-notes-84332/services/ x-goog-quota-user=projects/sppu-notes-84332
[debug] [2026-09-27T11:57:07.871Z] >>> [apiv2][query] GET https://serviceusage.googleapis.com/v1/projects/sppu-notes-84332/services/firebasedataconnect.googleapis.com [none]
[debug] [2026-09-27T11:57:07.872Z] >>> [apiv2][(partial)header] GET https://serviceusage.googleapis.com/v1/projects/sppu-notes-84332/services/firebasedataconnect.googleapis.com x-goog-quota-user=projects/sppu-notes-84332
[debug] [2026-09-27T11:57:07.878Z] >>> [apiv2][query] GET https://serviceusage.googleapis.com/v1/projects/sppu-notes-84332/services/firebasecrashlytics.googleapis.com [none]
[debug] [2026-09-27T11:57:07.879Z] >>> [apiv2][(partial)header] GET https://serviceusage.googleapis.com/v1/projects/sppu-notes-84332/services/firebasecrashlytics.googleapis.com x-goog-quota-user=projects/sppu-notes-84332
[debug] [2026-09-27T11:57:07.880Z] >>> [apiv2][query] GET https://serviceusage.googleapis.com/v1/projects/sppu-notes-84332/services/firebaseapphosting.googleapis.com [none]
[debug] [2026-09-27T11:57:07.881Z] >>> [apiv2][(partial)header] GET https://serviceusage.googleapis.com/v1/projects/sppu-notes-84332/services/firebaseapphosting.googleapis.com x-goog-quota-user=projects/sppu-notes-84332
[debug] [2026-09-27T11:57:07.912Z] >>> [apiv2][query] GET https://serviceusage.googleapis.com/v1/projects/sppu-notes-84332/services/firebaseio.com [none]
[debug] [2026-09-27T11:57:07.912Z] >>> [apiv2][(partial)header] GET https://serviceusage.googleapis.com/v1/projects/sppu-notes-84332/services/firebaseio.com x-goog-quota-user=projects/sppu-notes-84332
[debug] [2026-09-27T11:57:03.812Z] Checked if tokens are valid: true, expires at: 1790513819968
[debug] [2026-09-27T11:57:04.211Z] Checked if tokens are valid: true, expires at: 1790513819968
[debug] [2026-09-27T11:57:04.229Z] Checked if tokens are valid: true, expires at: 1790513819968
[debug] [2026-09-27T11:57:04.235Z] Checked if tokens are valid: true, expires at: 1790513819968
[debug] [2026-09-27T11:57:04.243Z] Checked if tokens are valid: true, expires at: 1790513819968
[debug] [2026-09-27T11:57:04.251Z] Checked if tokens are valid: true, expires at: 1790513819968
[debug] [2026-09-27T11:57:04.260Z] Checked if tokens are valid: true, expires at: 1790513819968
[debug] [2026-09-27T11:57:04.260Z] Checked if tokens are valid: true, expires at: 1790513819968
[debug] [2026-09-27T11:57:04.269Z] Checked if tokens are valid: true, expires at: 1790513819968
[debug] [2026-09-27T11:57:04.269Z] Checked if tokens are valid: true, expires at: 1790513819968
[debug] [2026-09-27T11:57:04.281Z] >>> [apiv2][query] GET https://serviceusage.googleapis.com/v1/projects/sppu-notes-84332/services/ [none]
[debug] [2026-09-27T11:57:04.282Z] >>> [apiv2][(partial)header] GET https://serviceusage.googleapis.com/v1/projects/sppu-notes-84332/services/ x-goog-quota-user=projects/sppu-notes-84332
[debug] [2026-09-27T11:57:05.781Z] >>> [apiv2][query] GET https://serviceusage.googleapis.com/v1/projects/sppu-notes-84332/services/firebasedataconnect.googleapis.com [none]
[debug] [2026-09-27T11:57:05.781Z] >>> [apiv2][(partial)header] GET https://serviceusage.googleapis.com/v1/projects/sppu-notes-84332/services/firebasedataconnect.googleapis.com x-goog-quota-user=projects/sppu-notes-84332
[debug] [2026-09-27T11:57:05.788Z] >>> [apiv2][query] GET https://serviceusage.googleapis.com/v1/projects/sppu-notes-84332/services/firebasecrashlytics.googleapis.com [none]
[debug] [2026-09-27T11:57:05.788Z] >>> [apiv2][(partial)header] GET https://serviceusage.googleapis.com/v1/projects/sppu-notes-84332/services/firebasecrashlytics.googleapis.com x-goog-quota-user=projects/sppu-notes-84332
[debug] [2026-09-27T11:57:05.790Z] >>> [apiv2][query] GET https://serviceusage.googleapis.com/v1/projects/sppu-notes-84332/services/firebaseapphosting.googleapis.com [none]
[debug] [2026-09-27T11:57:05.790Z] >>> [apiv2][(partial)header] GET https://serviceusage.googleapis.com/v1/projects/sppu-notes-84332/services/firebaseapphosting.googleapis.com x-goog-quota-user=projects/sppu-notes-84332
[debug] [2026-09-27T11:57:05.791Z] >>> [apiv2][query] GET https://serviceusage.googleapis.com/v1/projects/sppu-notes-84332/services/firebaseio.com [none]
[debug] [2026-09-27T11:57:05.791Z] >>> [apiv2][(partial)header] GET https://serviceusage.googleapis.com/v1/projects/sppu-notes-84332/services/firebaseio.com x-goog-quota-user=projects/sppu-notes-84332
[debug] [2026-09-27T11:57:10.974Z] <<< [apiv2][status] GET https://serviceusage.googleapis.com/v1/projects/sppu-notes-84332/services/firebaseio.com 403
[debug] [2026-09-27T11:57:10.974Z] <<< [apiv2][body] GET https://serviceusage.googleapis.com/v1/projects/sppu-notes-84332/services/firebaseio.com [omitted]
[debug] [2026-09-27T11:57:11.048Z] <<< [apiv2][status] GET https://serviceusage.googleapis.com/v1/projects/sppu-notes-84332/services/firebaseapphosting.googleapis.com 200
[debug] [2026-09-27T11:57:11.049Z] <<< [apiv2][body] GET https://serviceusage.googleapis.com/v1/projects/sppu-notes-84332/services/firebaseapphosting.googleapis.com [omitted]
[debug] [2026-09-27T11:57:11.060Z] <<< [apiv2][status] GET https://serviceusage.googleapis.com/v1/projects/sppu-notes-84332/services/firebasecrashlytics.googleapis.com 200
[debug] [2026-09-27T11:57:11.061Z] <<< [apiv2][body] GET https://serviceusage.googleapis.com/v1/projects/sppu-notes-84332/services/firebasecrashlytics.googleapis.com [omitted]
[debug] [2026-09-27T11:57:11.063Z] <<< [apiv2][status] GET https://serviceusage.googleapis.com/v1/projects/sppu-notes-84332/services/firebasedataconnect.googleapis.com 200
[debug] [2026-09-27T11:57:11.063Z] <<< [apiv2][body] GET https://serviceusage.googleapis.com/v1/projects/sppu-notes-84332/services/firebasedataconnect.googleapis.com [omitted]
[debug] [2026-09-27T11:57:11.241Z] <<< [apiv2][status] GET https://serviceusage.googleapis.com/v1/projects/sppu-notes-84332/services/ 200
[debug] [2026-09-27T11:57:11.241Z] <<< [apiv2][body] GET https://serviceusage.googleapis.com/v1/projects/sppu-notes-84332/services/ [omitted]
[debug] [2026-09-27T11:57:11.460Z] <<< [apiv2][status] GET https://serviceusage.googleapis.com/v1/projects/sppu-notes-84332/services/firebasecrashlytics.googleapis.com 200
[debug] [2026-09-27T11:57:11.460Z] <<< [apiv2][body] GET https://serviceusage.googleapis.com/v1/projects/sppu-notes-84332/services/firebasecrashlytics.googleapis.com [omitted]
[debug] [2026-09-27T11:57:11.466Z] <<< [apiv2][status] GET https://serviceusage.googleapis.com/v1/projects/sppu-notes-84332/services/firebasedataconnect.googleapis.com 200
[debug] [2026-09-27T11:57:11.466Z] <<< [apiv2][body] GET https://serviceusage.googleapis.com/v1/projects/sppu-notes-84332/services/firebasedataconnect.googleapis.com [omitted]
[debug] [2026-09-27T11:57:11.536Z] <<< [apiv2][status] GET https://serviceusage.googleapis.com/v1/projects/sppu-notes-84332/services/firebaseapphosting.googleapis.com 200
[debug] [2026-09-27T11:57:11.536Z] <<< [apiv2][body] GET https://serviceusage.googleapis.com/v1/projects/sppu-notes-84332/services/firebaseapphosting.googleapis.com [omitted]
[debug] [2026-09-27T11:57:11.596Z] <<< [apiv2][status] GET https://serviceusage.googleapis.com/v1/projects/sppu-notes-84332/services/firebaseio.com 403
[debug] [2026-09-27T11:57:11.597Z] <<< [apiv2][body] GET https://serviceusage.googleapis.com/v1/projects/sppu-notes-84332/services/firebaseio.com [omitted]
[debug] [2026-09-27T11:57:11.711Z] <<< [apiv2][status] GET https://serviceusage.googleapis.com/v1/projects/sppu-notes-84332/services/ 200
[debug] [2026-09-27T11:57:11.711Z] <<< [apiv2][body] GET https://serviceusage.googleapis.com/v1/projects/sppu-notes-84332/services/ [omitted]
[debug] [2026-09-27T11:57:07.817Z] Checked if tokens are valid: true, expires at: 1790513819968
[debug] [2026-09-27T11:57:08.022Z] Checked if tokens are valid: true, expires at: 1790513819968
[debug] [2026-09-27T11:57:08.042Z] Checked if tokens are valid: true, expires at: 1790513819968
[debug] [2026-09-27T11:57:08.042Z] Checked if tokens are valid: true, expires at: 1790513819968
[debug] [2026-09-27T11:57:08.061Z] Checked if tokens are valid: true, expires at: 1790513819968
[debug] [2026-09-27T11:57:08.076Z] Checked if tokens are valid: true, expires at: 1790513819968
[debug] [2026-09-27T11:57:08.111Z] Checked if tokens are valid: true, expires at: 1790513819968
[debug] [2026-09-27T11:57:08.111Z] Checked if tokens are valid: true, expires at: 1790513819968
[debug] [2026-09-27T11:57:08.114Z] Checked if tokens are valid: true, expires at: 1790513819968
[debug] [2026-09-27T11:57:08.114Z] Checked if tokens are valid: true, expires at: 1790513819968
[debug] [2026-09-27T11:57:08.151Z] >>> [apiv2][query] GET https://serviceusage.googleapis.com/v1/projects/sppu-notes-84332/services/ [none]
[debug] [2026-09-27T11:57:08.152Z] >>> [apiv2][(partial)header] GET https://serviceusage.googleapis.com/v1/projects/sppu-notes-84332/services/ x-goog-quota-user=projects/sppu-notes-84332
[debug] [2026-09-27T11:57:10.187Z] >>> [apiv2][query] GET https://serviceusage.googleapis.com/v1/projects/sppu-notes-84332/services/firebasedataconnect.googleapis.com [none]
[debug] [2026-09-27T11:57:10.188Z] >>> [apiv2][(partial)header] GET https://serviceusage.googleapis.com/v1/projects/sppu-notes-84332/services/firebasedataconnect.googleapis.com x-goog-quota-user=projects/sppu-notes-84332
[debug] [2026-09-27T11:57:10.190Z] >>> [apiv2][query] GET https://serviceusage.googleapis.com/v1/projects/sppu-notes-84332/services/firebasecrashlytics.googleapis.com [none]
[debug] [2026-09-27T11:57:10.190Z] >>> [apiv2][(partial)header] GET https://serviceusage.googleapis.com/v1/projects/sppu-notes-84332/services/firebasecrashlytics.googleapis.com x-goog-quota-user=projects/sppu-notes-84332
[debug] [2026-09-27T11:57:10.191Z] >>> [apiv2][query] GET https://serviceusage.googleapis.com/v1/projects/sppu-notes-84332/services/firebaseapphosting.googleapis.com [none]
[debug] [2026-09-27T11:57:10.191Z] >>> [apiv2][(partial)header] GET https://serviceusage.googleapis.com/v1/projects/sppu-notes-84332/services/firebaseapphosting.googleapis.com x-goog-quota-user=projects/sppu-notes-84332
[debug] [2026-09-27T11:57:10.192Z] >>> [apiv2][query] GET https://serviceusage.googleapis.com/v1/projects/sppu-notes-84332/services/firebaseio.com [none]
[debug] [2026-09-27T11:57:10.192Z] >>> [apiv2][(partial)header] GET https://serviceusage.googleapis.com/v1/projects/sppu-notes-84332/services/firebaseio.com x-goog-quota-user=projects/sppu-notes-84332
[debug] [2026-09-27T11:57:04.434Z] Checked if tokens are valid: true, expires at: 1790513819968
[debug] [2026-09-27T11:57:04.781Z] Checked if tokens are valid: true, expires at: 1790513819968
[debug] [2026-09-27T11:57:04.834Z] Checked if tokens are valid: true, expires at: 1790513819968
[debug] [2026-09-27T11:57:04.837Z] Checked if tokens are valid: true, expires at: 1790513819968
[debug] [2026-09-27T11:57:04.870Z] Checked if tokens are valid: true, expires at: 1790513819968
[debug] [2026-09-27T11:57:04.895Z] Checked if tokens are valid: true, expires at: 1790513819968
[debug] [2026-09-27T11:57:04.899Z] Checked if tokens are valid: true, expires at: 1790513819968
[debug] [2026-09-27T11:57:04.900Z] Checked if tokens are valid: true, expires at: 1790513819968
[debug] [2026-09-27T11:57:04.930Z] Checked if tokens are valid: true, expires at: 1790513819968
[debug] [2026-09-27T11:57:04.937Z] Checked if tokens are valid: true, expires at: 1790513819968
[debug] [2026-09-27T11:57:04.992Z] >>> [apiv2][query] GET https://serviceusage.googleapis.com/v1/projects/sppu-notes-84332/services/ [none]
[debug] [2026-09-27T11:57:04.992Z] >>> [apiv2][(partial)header] GET https://serviceusage.googleapis.com/v1/projects/sppu-notes-84332/services/ x-goog-quota-user=projects/sppu-notes-84332
[debug] [2026-09-27T11:57:08.472Z] >>> [apiv2][query] GET https://serviceusage.googleapis.com/v1/projects/sppu-notes-84332/services/firebasedataconnect.googleapis.com [none]
[debug] [2026-09-27T11:57:08.492Z] >>> [apiv2][(partial)header] GET https://serviceusage.googleapis.com/v1/projects/sppu-notes-84332/services/firebasedataconnect.googleapis.com x-goog-quota-user=projects/sppu-notes-84332
[debug] [2026-09-27T11:57:08.531Z] >>> [apiv2][query] GET https://serviceusage.googleapis.com/v1/projects/sppu-notes-84332/services/firebasecrashlytics.googleapis.com [none]
[debug] [2026-09-27T11:57:08.531Z] >>> [apiv2][(partial)header] GET https://serviceusage.googleapis.com/v1/projects/sppu-notes-84332/services/firebasecrashlytics.googleapis.com x-goog-quota-user=projects/sppu-notes-84332
[debug] [2026-09-27T11:57:08.562Z] >>> [apiv2][query] GET https://serviceusage.googleapis.com/v1/projects/sppu-notes-84332/services/firebaseapphosting.googleapis.com [none]
[debug] [2026-09-27T11:57:08.562Z] >>> [apiv2][(partial)header] GET https://serviceusage.googleapis.com/v1/projects/sppu-notes-84332/services/firebaseapphosting.googleapis.com x-goog-quota-user=projects/sppu-notes-84332
[debug] [2026-09-27T11:57:08.593Z] >>> [apiv2][query] GET https://serviceusage.googleapis.com/v1/projects/sppu-notes-84332/services/firebaseio.com [none]
[debug] [2026-09-27T11:57:08.594Z] >>> [apiv2][(partial)header] GET https://serviceusage.googleapis.com/v1/projects/sppu-notes-84332/services/firebaseio.com x-goog-quota-user=projects/sppu-notes-84332
[debug] [2026-09-27T11:57:07.783Z] Checked if tokens are valid: true, expires at: 1790513819968
[debug] [2026-09-27T11:57:08.037Z] Checked if tokens are valid: true, expires at: 1790513819968
[debug] [2026-09-27T11:57:08.045Z] Checked if tokens are valid: true, expires at: 1790513819968
[debug] [2026-09-27T11:57:08.046Z] Checked if tokens are valid: true, expires at: 1790513819968
[debug] [2026-09-27T11:57:08.068Z] Checked if tokens are valid: true, expires at: 1790513819968
[debug] [2026-09-27T11:57:08.109Z] Checked if tokens are valid: true, expires at: 1790513819968
[debug] [2026-09-27T11:57:08.114Z] Checked if tokens are valid: true, expires at: 1790513819968
[debug] [2026-09-27T11:57:08.115Z] Checked if tokens are valid: true, expires at: 1790513819968
[debug] [2026-09-27T11:57:08.137Z] Checked if tokens are valid: true, expires at: 1790513819968
[debug] [2026-09-27T11:57:08.137Z] Checked if tokens are valid: true, expires at: 1790513819968
[debug] [2026-09-27T11:57:08.178Z] >>> [apiv2][query] GET https://serviceusage.googleapis.com/v1/projects/sppu-notes-84332/services/ [none]
[debug] [2026-09-27T11:57:08.178Z] >>> [apiv2][(partial)header] GET https://serviceusage.googleapis.com/v1/projects/sppu-notes-84332/services/ x-goog-quota-user=projects/sppu-notes-84332
[debug] [2026-09-27T11:57:09.970Z] >>> [apiv2][query] GET https://serviceusage.googleapis.com/v1/projects/sppu-notes-84332/services/firebasedataconnect.googleapis.com [none]
[debug] [2026-09-27T11:57:09.970Z] >>> [apiv2][(partial)header] GET https://serviceusage.googleapis.com/v1/projects/sppu-notes-84332/services/firebasedataconnect.googleapis.com x-goog-quota-user=projects/sppu-notes-84332
[debug] [2026-09-27T11:57:09.987Z] >>> [apiv2][query] GET https://serviceusage.googleapis.com/v1/projects/sppu-notes-84332/services/firebasecrashlytics.googleapis.com [none]
[debug] [2026-09-27T11:57:09.987Z] >>> [apiv2][(partial)header] GET https://serviceusage.googleapis.com/v1/projects/sppu-notes-84332/services/firebasecrashlytics.googleapis.com x-goog-quota-user=projects/sppu-notes-84332
[debug] [2026-09-27T11:57:09.989Z] >>> [apiv2][query] GET https://serviceusage.googleapis.com/v1/projects/sppu-notes-84332/services/firebaseapphosting.googleapis.com [none]
[debug] [2026-09-27T11:57:09.989Z] >>> [apiv2][(partial)header] GET https://serviceusage.googleapis.com/v1/projects/sppu-notes-84332/services/firebaseapphosting.googleapis.com x-goog-quota-user=projects/sppu-notes-84332
[debug] [2026-09-27T11:57:10.003Z] >>> [apiv2][query] GET https://serviceusage.googleapis.com/v1/projects/sppu-notes-84332/services/firebaseio.com [none]
[debug] [2026-09-27T11:57:10.004Z] >>> [apiv2][(partial)header] GET https://serviceusage.googleapis.com/v1/projects/sppu-notes-84332/services/firebaseio.com x-goog-quota-user=projects/sppu-notes-84332
[debug] [2026-09-27T11:57:13.853Z] <<< [apiv2][status] GET https://serviceusage.googleapis.com/v1/projects/sppu-notes-84332/services/firebasecrashlytics.googleapis.com 200
[debug] [2026-09-27T11:57:13.854Z] <<< [apiv2][body] GET https://serviceusage.googleapis.com/v1/projects/sppu-notes-84332/services/firebasecrashlytics.googleapis.com [omitted]
[debug] [2026-09-27T11:57:13.874Z] <<< [apiv2][status] GET https://serviceusage.googleapis.com/v1/projects/sppu-notes-84332/services/firebaseio.com 403
[debug] [2026-09-27T11:57:13.875Z] <<< [apiv2][body] GET https://serviceusage.googleapis.com/v1/projects/sppu-notes-84332/services/firebaseio.com [omitted]
[debug] [2026-09-27T11:57:14.054Z] <<< [apiv2][status] GET https://serviceusage.googleapis.com/v1/projects/sppu-notes-84332/services/firebasedataconnect.googleapis.com 200
[debug] [2026-09-27T11:57:14.054Z] <<< [apiv2][body] GET https://serviceusage.googleapis.com/v1/projects/sppu-notes-84332/services/firebasedataconnect.googleapis.com [omitted]
[debug] [2026-09-27T11:57:14.056Z] <<< [apiv2][status] GET https://serviceusage.googleapis.com/v1/projects/sppu-notes-84332/services/firebaseapphosting.googleapis.com 200
[debug] [2026-09-27T11:57:14.057Z] <<< [apiv2][body] GET https://serviceusage.googleapis.com/v1/projects/sppu-notes-84332/services/firebaseapphosting.googleapis.com [omitted]
[debug] [2026-09-27T11:57:14.105Z] <<< [apiv2][status] GET https://serviceusage.googleapis.com/v1/projects/sppu-notes-84332/services/ 200
[debug] [2026-09-27T11:57:14.106Z] <<< [apiv2][body] GET https://serviceusage.googleapis.com/v1/projects/sppu-notes-84332/services/ [omitted]
[debug] [2026-09-27T11:57:08.285Z] Checked if tokens are valid: true, expires at: 1790513819968
[debug] [2026-09-27T11:57:08.605Z] Checked if tokens are valid: true, expires at: 1790513819968
[debug] [2026-09-27T11:57:08.623Z] Checked if tokens are valid: true, expires at: 1790513819968
[debug] [2026-09-27T11:57:08.649Z] Checked if tokens are valid: true, expires at: 1790513819968
[debug] [2026-09-27T11:57:08.662Z] Checked if tokens are valid: true, expires at: 1790513819968
[debug] [2026-09-27T11:57:08.673Z] Checked if tokens are valid: true, expires at: 1790513819968
[debug] [2026-09-27T11:57:08.681Z] Checked if tokens are valid: true, expires at: 1790513819968
[debug] [2026-09-27T11:57:08.681Z] Checked if tokens are valid: true, expires at: 1790513819968
[debug] [2026-09-27T11:57:08.686Z] Checked if tokens are valid: true, expires at: 1790513819968
[debug] [2026-09-27T11:57:08.688Z] Checked if tokens are valid: true, expires at: 1790513819968
[debug] [2026-09-27T11:57:08.778Z] >>> [apiv2][query] GET https://serviceusage.googleapis.com/v1/projects/sppu-notes-84332/services/ [none]
[debug] [2026-09-27T11:57:08.778Z] >>> [apiv2][(partial)header] GET https://serviceusage.googleapis.com/v1/projects/sppu-notes-84332/services/ x-goog-quota-user=projects/sppu-notes-84332
[debug] [2026-09-27T11:57:10.989Z] >>> [apiv2][query] GET https://serviceusage.googleapis.com/v1/projects/sppu-notes-84332/services/firebasedataconnect.googleapis.com [none]
[debug] [2026-09-27T11:57:10.989Z] >>> [apiv2][(partial)header] GET https://serviceusage.googleapis.com/v1/projects/sppu-notes-84332/services/firebasedataconnect.googleapis.com x-goog-quota-user=projects/sppu-notes-84332
[debug] [2026-09-27T11:57:11.038Z] >>> [apiv2][query] GET https://serviceusage.googleapis.com/v1/projects/sppu-notes-84332/services/firebasecrashlytics.googleapis.com [none]
[debug] [2026-09-27T11:57:11.038Z] >>> [apiv2][(partial)header] GET https://serviceusage.googleapis.com/v1/projects/sppu-notes-84332/services/firebasecrashlytics.googleapis.com x-goog-quota-user=projects/sppu-notes-84332
[debug] [2026-09-27T11:57:11.050Z] >>> [apiv2][query] GET https://serviceusage.googleapis.com/v1/projects/sppu-notes-84332/services/firebaseapphosting.googleapis.com [none]
[debug] [2026-09-27T11:57:11.050Z] >>> [apiv2][(partial)header] GET https://serviceusage.googleapis.com/v1/projects/sppu-notes-84332/services/firebaseapphosting.googleapis.com x-goog-quota-user=projects/sppu-notes-84332
[debug] [2026-09-27T11:57:11.064Z] >>> [apiv2][query] GET https://serviceusage.googleapis.com/v1/projects/sppu-notes-84332/services/firebaseio.com [none]
[debug] [2026-09-27T11:57:11.064Z] >>> [apiv2][(partial)header] GET https://serviceusage.googleapis.com/v1/projects/sppu-notes-84332/services/firebaseio.com x-goog-quota-user=projects/sppu-notes-84332
[debug] [2026-09-27T11:57:14.597Z] <<< [apiv2][status] GET https://serviceusage.googleapis.com/v1/projects/sppu-notes-84332/services/firebaseio.com 403
[debug] [2026-09-27T11:57:14.598Z] <<< [apiv2][body] GET https://serviceusage.googleapis.com/v1/projects/sppu-notes-84332/services/firebaseio.com [omitted]
[debug] [2026-09-27T11:57:10.495Z] Checked if tokens are valid: true, expires at: 1790513819968
[debug] [2026-09-27T11:57:14.644Z] <<< [apiv2][status] GET https://serviceusage.googleapis.com/v1/projects/sppu-notes-84332/services/firebaseapphosting.googleapis.com 200
[debug] [2026-09-27T11:57:14.644Z] <<< [apiv2][body] GET https://serviceusage.googleapis.com/v1/projects/sppu-notes-84332/services/firebaseapphosting.googleapis.com [omitted]
[debug] [2026-09-27T11:57:10.768Z] Checked if tokens are valid: true, expires at: 1790513819968
[debug] [2026-09-27T11:57:10.781Z] Checked if tokens are valid: true, expires at: 1790513819968
[debug] [2026-09-27T11:57:10.781Z] Checked if tokens are valid: true, expires at: 1790513819968
[debug] [2026-09-27T11:57:10.834Z] Checked if tokens are valid: true, expires at: 1790513819968
[debug] [2026-09-27T11:57:10.842Z] Checked if tokens are valid: true, expires at: 1790513819968
[debug] [2026-09-27T11:57:10.883Z] Checked if tokens are valid: true, expires at: 1790513819968
[debug] [2026-09-27T11:57:10.890Z] Checked if tokens are valid: true, expires at: 1790513819968
[debug] [2026-09-27T11:57:10.894Z] Checked if tokens are valid: true, expires at: 1790513819968
[debug] [2026-09-27T11:57:10.900Z] Checked if tokens are valid: true, expires at: 1790513819968
[debug] [2026-09-27T11:57:10.946Z] >>> [apiv2][query] GET https://serviceusage.googleapis.com/v1/projects/sppu-notes-84332/services/ [none]
[debug] [2026-09-27T11:57:10.947Z] >>> [apiv2][(partial)header] GET https://serviceusage.googleapis.com/v1/projects/sppu-notes-84332/services/ x-goog-quota-user=projects/sppu-notes-84332
[debug] [2026-09-27T11:57:12.882Z] >>> [apiv2][query] GET https://serviceusage.googleapis.com/v1/projects/sppu-notes-84332/services/firebasedataconnect.googleapis.com [none]
[debug] [2026-09-27T11:57:12.882Z] >>> [apiv2][(partial)header] GET https://serviceusage.googleapis.com/v1/projects/sppu-notes-84332/services/firebasedataconnect.googleapis.com x-goog-quota-user=projects/sppu-notes-84332
[debug] [2026-09-27T11:57:12.894Z] >>> [apiv2][query] GET https://serviceusage.googleapis.com/v1/projects/sppu-notes-84332/services/firebasecrashlytics.googleapis.com [none]
[debug] [2026-09-27T11:57:12.894Z] >>> [apiv2][(partial)header] GET https://serviceusage.googleapis.com/v1/projects/sppu-notes-84332/services/firebasecrashlytics.googleapis.com x-goog-quota-user=projects/sppu-notes-84332
[debug] [2026-09-27T11:57:12.895Z] >>> [apiv2][query] GET https://serviceusage.googleapis.com/v1/projects/sppu-notes-84332/services/firebaseapphosting.googleapis.com [none]
[debug] [2026-09-27T11:57:12.895Z] >>> [apiv2][(partial)header] GET https://serviceusage.googleapis.com/v1/projects/sppu-notes-84332/services/firebaseapphosting.googleapis.com x-goog-quota-user=projects/sppu-notes-84332
[debug] [2026-09-27T11:57:12.904Z] >>> [apiv2][query] GET https://serviceusage.googleapis.com/v1/projects/sppu-notes-84332/services/firebaseio.com [none]
[debug] [2026-09-27T11:57:12.905Z] >>> [apiv2][(partial)header] GET https://serviceusage.googleapis.com/v1/projects/sppu-notes-84332/services/firebaseio.com x-goog-quota-user=projects/sppu-notes-84332
[debug] [2026-09-27T11:57:14.662Z] <<< [apiv2][status] GET https://serviceusage.googleapis.com/v1/projects/sppu-notes-84332/services/firebasedataconnect.googleapis.com 200
[debug] [2026-09-27T11:57:14.662Z] <<< [apiv2][body] GET https://serviceusage.googleapis.com/v1/projects/sppu-notes-84332/services/firebasedataconnect.googleapis.com [omitted]
[debug] [2026-09-27T11:57:14.667Z] <<< [apiv2][status] GET https://serviceusage.googleapis.com/v1/projects/sppu-notes-84332/services/firebaseio.com 403
[debug] [2026-09-27T11:57:14.689Z] <<< [apiv2][status] GET https://serviceusage.googleapis.com/v1/projects/sppu-notes-84332/services/firebasecrashlytics.googleapis.com 200
[debug] [2026-09-27T11:57:14.689Z] <<< [apiv2][body] GET https://serviceusage.googleapis.com/v1/projects/sppu-notes-84332/services/firebasecrashlytics.googleapis.com [omitted]
[debug] [2026-09-27T11:57:14.668Z] <<< [apiv2][body] GET https://serviceusage.googleapis.com/v1/projects/sppu-notes-84332/services/firebaseio.com [omitted]
[debug] [2026-09-27T11:57:14.766Z] <<< [apiv2][status] GET https://serviceusage.googleapis.com/v1/projects/sppu-notes-84332/services/firebasecrashlytics.googleapis.com 200
[debug] [2026-09-27T11:57:14.766Z] <<< [apiv2][body] GET https://serviceusage.googleapis.com/v1/projects/sppu-notes-84332/services/firebasecrashlytics.googleapis.com [omitted]
[debug] [2026-09-27T11:57:14.796Z] <<< [apiv2][status] GET https://serviceusage.googleapis.com/v1/projects/sppu-notes-84332/services/firebaseapphosting.googleapis.com 200
[debug] [2026-09-27T11:57:14.797Z] <<< [apiv2][body] GET https://serviceusage.googleapis.com/v1/projects/sppu-notes-84332/services/firebaseapphosting.googleapis.com [omitted]
[debug] [2026-09-27T11:57:14.803Z] <<< [apiv2][status] GET https://serviceusage.googleapis.com/v1/projects/sppu-notes-84332/services/firebasedataconnect.googleapis.com 200
[debug] [2026-09-27T11:57:14.803Z] <<< [apiv2][body] GET https://serviceusage.googleapis.com/v1/projects/sppu-notes-84332/services/firebasedataconnect.googleapis.com [omitted]
[debug] [2026-09-27T11:57:15.040Z] <<< [apiv2][status] GET https://serviceusage.googleapis.com/v1/projects/sppu-notes-84332/services/ 200
[debug] [2026-09-27T11:57:15.041Z] <<< [apiv2][body] GET https://serviceusage.googleapis.com/v1/projects/sppu-notes-84332/services/ [omitted]
[debug] [2026-09-27T11:57:15.107Z] <<< [apiv2][status] GET https://serviceusage.googleapis.com/v1/projects/sppu-notes-84332/services/ 200
[debug] [2026-09-27T11:57:15.107Z] <<< [apiv2][body] GET https://serviceusage.googleapis.com/v1/projects/sppu-notes-84332/services/ [omitted]
[debug] [2026-09-27T11:57:11.086Z] Checked if tokens are valid: true, expires at: 1790513819968
[debug] [2026-09-27T11:57:11.313Z] Checked if tokens are valid: true, expires at: 1790513819968
[debug] [2026-09-27T11:57:11.402Z] Checked if tokens are valid: true, expires at: 1790513819968
[debug] [2026-09-27T11:57:11.403Z] Checked if tokens are valid: true, expires at: 1790513819968
[debug] [2026-09-27T11:57:11.441Z] Checked if tokens are valid: true, expires at: 1790513819968
[debug] [2026-09-27T11:57:11.453Z] Checked if tokens are valid: true, expires at: 1790513819968
[debug] [2026-09-27T11:57:11.459Z] Checked if tokens are valid: true, expires at: 1790513819968
[debug] [2026-09-27T11:57:11.465Z] Checked if tokens are valid: true, expires at: 1790513819968
[debug] [2026-09-27T11:57:11.472Z] Checked if tokens are valid: true, expires at: 1790513819968
[debug] [2026-09-27T11:57:11.472Z] Checked if tokens are valid: true, expires at: 1790513819968
[debug] [2026-09-27T11:57:11.537Z] >>> [apiv2][query] GET https://serviceusage.googleapis.com/v1/projects/sppu-notes-84332/services/ [none]
[debug] [2026-09-27T11:57:11.538Z] >>> [apiv2][(partial)header] GET https://serviceusage.googleapis.com/v1/projects/sppu-notes-84332/services/ x-goog-quota-user=projects/sppu-notes-84332
[debug] [2026-09-27T11:57:13.804Z] >>> [apiv2][query] GET https://serviceusage.googleapis.com/v1/projects/sppu-notes-84332/services/firebasedataconnect.googleapis.com [none]
[debug] [2026-09-27T11:57:13.804Z] >>> [apiv2][(partial)header] GET https://serviceusage.googleapis.com/v1/projects/sppu-notes-84332/services/firebasedataconnect.googleapis.com x-goog-quota-user=projects/sppu-notes-84332
[debug] [2026-09-27T11:57:13.815Z] >>> [apiv2][query] GET https://serviceusage.googleapis.com/v1/projects/sppu-notes-84332/services/firebasecrashlytics.googleapis.com [none]
[debug] [2026-09-27T11:57:13.816Z] >>> [apiv2][(partial)header] GET https://serviceusage.googleapis.com/v1/projects/sppu-notes-84332/services/firebasecrashlytics.googleapis.com x-goog-quota-user=projects/sppu-notes-84332
[debug] [2026-09-27T11:57:13.829Z] >>> [apiv2][query] GET https://serviceusage.googleapis.com/v1/projects/sppu-notes-84332/services/firebaseapphosting.googleapis.com [none]
[debug] [2026-09-27T11:57:13.829Z] >>> [apiv2][(partial)header] GET https://serviceusage.googleapis.com/v1/projects/sppu-notes-84332/services/firebaseapphosting.googleapis.com x-goog-quota-user=projects/sppu-notes-84332
[debug] [2026-09-27T11:57:13.833Z] >>> [apiv2][query] GET https://serviceusage.googleapis.com/v1/projects/sppu-notes-84332/services/firebaseio.com [none]
[debug] [2026-09-27T11:57:13.833Z] >>> [apiv2][(partial)header] GET https://serviceusage.googleapis.com/v1/projects/sppu-notes-84332/services/firebaseio.com x-goog-quota-user=projects/sppu-notes-84332
[debug] [2026-09-27T11:57:08.899Z] Checked if tokens are valid: true, expires at: 1790513819968
[debug] [2026-09-27T11:57:09.203Z] Checked if tokens are valid: true, expires at: 1790513819968
[debug] [2026-09-27T11:57:09.258Z] Checked if tokens are valid: true, expires at: 1790513819968
[debug] [2026-09-27T11:57:09.275Z] Checked if tokens are valid: true, expires at: 1790513819968
[debug] [2026-09-27T11:57:09.284Z] Checked if tokens are valid: true, expires at: 1790513819968
[debug] [2026-09-27T11:57:09.312Z] Checked if tokens are valid: true, expires at: 1790513819968
[debug] [2026-09-27T11:57:09.318Z] Checked if tokens are valid: true, expires at: 1790513819968
[debug] [2026-09-27T11:57:09.331Z] Checked if tokens are valid: true, expires at: 1790513819968
[debug] [2026-09-27T11:57:09.332Z] Checked if tokens are valid: true, expires at: 1790513819968
[debug] [2026-09-27T11:57:09.348Z] Checked if tokens are valid: true, expires at: 1790513819968
[debug] [2026-09-27T11:57:09.394Z] >>> [apiv2][query] GET https://serviceusage.googleapis.com/v1/projects/sppu-notes-84332/services/ [none]
[debug] [2026-09-27T11:57:09.394Z] >>> [apiv2][(partial)header] GET https://serviceusage.googleapis.com/v1/projects/sppu-notes-84332/services/ x-goog-quota-user=projects/sppu-notes-84332
[debug] [2026-09-27T11:57:11.389Z] >>> [apiv2][query] GET https://serviceusage.googleapis.com/v1/projects/sppu-notes-84332/services/firebasedataconnect.googleapis.com [none]
[debug] [2026-09-27T11:57:11.389Z] >>> [apiv2][(partial)header] GET https://serviceusage.googleapis.com/v1/projects/sppu-notes-84332/services/firebasedataconnect.googleapis.com x-goog-quota-user=projects/sppu-notes-84332
[debug] [2026-09-27T11:57:11.412Z] >>> [apiv2][query] GET https://serviceusage.googleapis.com/v1/projects/sppu-notes-84332/services/firebasecrashlytics.googleapis.com [none]
[debug] [2026-09-27T11:57:11.412Z] >>> [apiv2][(partial)header] GET https://serviceusage.googleapis.com/v1/projects/sppu-notes-84332/services/firebasecrashlytics.googleapis.com x-goog-quota-user=projects/sppu-notes-84332
[debug] [2026-09-27T11:57:11.417Z] >>> [apiv2][query] GET https://serviceusage.googleapis.com/v1/projects/sppu-notes-84332/services/firebaseapphosting.googleapis.com [none]
[debug] [2026-09-27T11:57:11.417Z] >>> [apiv2][(partial)header] GET https://serviceusage.googleapis.com/v1/projects/sppu-notes-84332/services/firebaseapphosting.googleapis.com x-goog-quota-user=projects/sppu-notes-84332
[debug] [2026-09-27T11:57:11.420Z] >>> [apiv2][query] GET https://serviceusage.googleapis.com/v1/projects/sppu-notes-84332/services/firebaseio.com [none]
[debug] [2026-09-27T11:57:11.420Z] >>> [apiv2][(partial)header] GET https://serviceusage.googleapis.com/v1/projects/sppu-notes-84332/services/firebaseio.com x-goog-quota-user=projects/sppu-notes-84332
[debug] [2026-09-27T11:57:10.375Z] Checked if tokens are valid: true, expires at: 1790513819968
[debug] [2026-09-27T11:57:10.532Z] Checked if tokens are valid: true, expires at: 1790513819968
[debug] [2026-09-27T11:57:10.624Z] Checked if tokens are valid: true, expires at: 1790513819968
[debug] [2026-09-27T11:57:10.648Z] Checked if tokens are valid: true, expires at: 1790513819968
[debug] [2026-09-27T11:57:10.687Z] Checked if tokens are valid: true, expires at: 1790513819968
[debug] [2026-09-27T11:57:10.727Z] Checked if tokens are valid: true, expires at: 1790513819968
[debug] [2026-09-27T11:57:10.741Z] Checked if tokens are valid: true, expires at: 1790513819968
[debug] [2026-09-27T11:57:10.741Z] Checked if tokens are valid: true, expires at: 1790513819968
[debug] [2026-09-27T11:57:10.751Z] Checked if tokens are valid: true, expires at: 1790513819968
[debug] [2026-09-27T11:57:10.752Z] Checked if tokens are valid: true, expires at: 1790513819968
[debug] [2026-09-27T11:57:10.772Z] >>> [apiv2][query] GET https://serviceusage.googleapis.com/v1/projects/sppu-notes-84332/services/ [none]
[debug] [2026-09-27T11:57:10.772Z] >>> [apiv2][(partial)header] GET https://serviceusage.googleapis.com/v1/projects/sppu-notes-84332/services/ x-goog-quota-user=projects/sppu-notes-84332
[debug] [2026-09-27T11:57:12.748Z] >>> [apiv2][query] GET https://serviceusage.googleapis.com/v1/projects/sppu-notes-84332/services/firebasedataconnect.googleapis.com [none]
[debug] [2026-09-27T11:57:12.748Z] >>> [apiv2][(partial)header] GET https://serviceusage.googleapis.com/v1/projects/sppu-notes-84332/services/firebasedataconnect.googleapis.com x-goog-quota-user=projects/sppu-notes-84332
[debug] [2026-09-27T11:57:12.754Z] >>> [apiv2][query] GET https://serviceusage.googleapis.com/v1/projects/sppu-notes-84332/services/firebasecrashlytics.googleapis.com [none]
[debug] [2026-09-27T11:57:12.755Z] >>> [apiv2][(partial)header] GET https://serviceusage.googleapis.com/v1/projects/sppu-notes-84332/services/firebasecrashlytics.googleapis.com x-goog-quota-user=projects/sppu-notes-84332
[debug] [2026-09-27T11:57:12.761Z] >>> [apiv2][query] GET https://serviceusage.googleapis.com/v1/projects/sppu-notes-84332/services/firebaseapphosting.googleapis.com [none]
[debug] [2026-09-27T11:57:12.762Z] >>> [apiv2][(partial)header] GET https://serviceusage.googleapis.com/v1/projects/sppu-notes-84332/services/firebaseapphosting.googleapis.com x-goog-quota-user=projects/sppu-notes-84332
[debug] [2026-09-27T11:57:12.807Z] >>> [apiv2][query] GET https://serviceusage.googleapis.com/v1/projects/sppu-notes-84332/services/firebaseio.com [none]
[debug] [2026-09-27T11:57:12.825Z] >>> [apiv2][(partial)header] GET https://serviceusage.googleapis.com/v1/projects/sppu-notes-84332/services/firebaseio.com x-goog-quota-user=projects/sppu-notes-84332
[debug] [2026-09-27T11:57:13.611Z] Checked if tokens are valid: true, expires at: 1790513819968
[debug] [2026-09-27T11:57:13.979Z] Checked if tokens are valid: true, expires at: 1790513819968
[debug] [2026-09-27T11:57:13.988Z] Checked if tokens are valid: true, expires at: 1790513819968
[debug] [2026-09-27T11:57:13.993Z] Checked if tokens are valid: true, expires at: 1790513819968
[debug] [2026-09-27T11:57:13.999Z] Checked if tokens are valid: true, expires at: 1790513819968
[debug] [2026-09-27T11:57:13.999Z] Checked if tokens are valid: true, expires at: 1790513819968
[debug] [2026-09-27T11:57:14.000Z] Checked if tokens are valid: true, expires at: 1790513819968
[debug] [2026-09-27T11:57:14.001Z] Checked if tokens are valid: true, expires at: 1790513819968
[debug] [2026-09-27T11:57:14.002Z] Checked if tokens are valid: true, expires at: 1790513819968
[debug] [2026-09-27T11:57:14.003Z] Checked if tokens are valid: true, expires at: 1790513819968
[debug] [2026-09-27T11:57:14.021Z] >>> [apiv2][query] GET https://serviceusage.googleapis.com/v1/projects/sppu-notes-84332/services/ [none]
[debug] [2026-09-27T11:57:14.021Z] >>> [apiv2][(partial)header] GET https://serviceusage.googleapis.com/v1/projects/sppu-notes-84332/services/ x-goog-quota-user=projects/sppu-notes-84332
[debug] [2026-09-27T11:57:15.916Z] >>> [apiv2][query] GET https://serviceusage.googleapis.com/v1/projects/sppu-notes-84332/services/firebasedataconnect.googleapis.com [none]
[debug] [2026-09-27T11:57:15.916Z] >>> [apiv2][(partial)header] GET https://serviceusage.googleapis.com/v1/projects/sppu-notes-84332/services/firebasedataconnect.googleapis.com x-goog-quota-user=projects/sppu-notes-84332
[debug] [2026-09-27T11:57:15.925Z] >>> [apiv2][query] GET https://serviceusage.googleapis.com/v1/projects/sppu-notes-84332/services/firebasecrashlytics.googleapis.com [none]
[debug] [2026-09-27T11:57:15.925Z] >>> [apiv2][(partial)header] GET https://serviceusage.googleapis.com/v1/projects/sppu-notes-84332/services/firebasecrashlytics.googleapis.com x-goog-quota-user=projects/sppu-notes-84332
[debug] [2026-09-27T11:57:15.927Z] >>> [apiv2][query] GET https://serviceusage.googleapis.com/v1/projects/sppu-notes-84332/services/firebaseapphosting.googleapis.com [none]
[debug] [2026-09-27T11:57:15.927Z] >>> [apiv2][(partial)header] GET https://serviceusage.googleapis.com/v1/projects/sppu-notes-84332/services/firebaseapphosting.googleapis.com x-goog-quota-user=projects/sppu-notes-84332
[debug] [2026-09-27T11:57:15.929Z] >>> [apiv2][query] GET https://serviceusage.googleapis.com/v1/projects/sppu-notes-84332/services/firebaseio.com [none]
[debug] [2026-09-27T11:57:15.929Z] >>> [apiv2][(partial)header] GET https://serviceusage.googleapis.com/v1/projects/sppu-notes-84332/services/firebaseio.com x-goog-quota-user=projects/sppu-notes-84332
[debug] [2026-09-27T11:57:16.411Z] <<< [apiv2][status] GET https://serviceusage.googleapis.com/v1/projects/sppu-notes-84332/services/firebaseio.com 403
[debug] [2026-09-27T11:57:16.411Z] <<< [apiv2][body] GET https://serviceusage.googleapis.com/v1/projects/sppu-notes-84332/services/firebaseio.com [omitted]
[debug] [2026-09-27T11:57:16.483Z] <<< [apiv2][status] GET https://serviceusage.googleapis.com/v1/projects/sppu-notes-84332/services/firebaseapphosting.googleapis.com 200
[debug] [2026-09-27T11:57:16.484Z] <<< [apiv2][body] GET https://serviceusage.googleapis.com/v1/projects/sppu-notes-84332/services/firebaseapphosting.googleapis.com [omitted]
[debug] [2026-09-27T11:57:16.503Z] <<< [apiv2][status] GET https://serviceusage.googleapis.com/v1/projects/sppu-notes-84332/services/firebasedataconnect.googleapis.com 200
[debug] [2026-09-27T11:57:16.503Z] <<< [apiv2][body] GET https://serviceusage.googleapis.com/v1/projects/sppu-notes-84332/services/firebasedataconnect.googleapis.com [omitted]
[debug] [2026-09-27T11:57:16.504Z] <<< [apiv2][status] GET https://serviceusage.googleapis.com/v1/projects/sppu-notes-84332/services/firebasecrashlytics.googleapis.com 200
[debug] [2026-09-27T11:57:16.504Z] <<< [apiv2][body] GET https://serviceusage.googleapis.com/v1/projects/sppu-notes-84332/services/firebasecrashlytics.googleapis.com [omitted]
[debug] [2026-09-27T11:57:16.729Z] <<< [apiv2][status] GET https://serviceusage.googleapis.com/v1/projects/sppu-notes-84332/services/firebaseio.com 403
[debug] [2026-09-27T11:57:16.736Z] <<< [apiv2][status] GET https://serviceusage.googleapis.com/v1/projects/sppu-notes-84332/services/ 200
[debug] [2026-09-27T11:57:16.737Z] <<< [apiv2][body] GET https://serviceusage.googleapis.com/v1/projects/sppu-notes-84332/services/ [omitted]
[debug] [2026-09-27T11:57:16.730Z] <<< [apiv2][body] GET https://serviceusage.googleapis.com/v1/projects/sppu-notes-84332/services/firebaseio.com [omitted]
[debug] [2026-09-27T11:57:16.843Z] <<< [apiv2][status] GET https://serviceusage.googleapis.com/v1/projects/sppu-notes-84332/services/firebasedataconnect.googleapis.com 200
[debug] [2026-09-27T11:57:16.843Z] <<< [apiv2][body] GET https://serviceusage.googleapis.com/v1/projects/sppu-notes-84332/services/firebasedataconnect.googleapis.com [omitted]
[debug] [2026-09-27T11:57:16.852Z] <<< [apiv2][status] GET https://serviceusage.googleapis.com/v1/projects/sppu-notes-84332/services/firebasecrashlytics.googleapis.com 200
[debug] [2026-09-27T11:57:16.853Z] <<< [apiv2][body] GET https://serviceusage.googleapis.com/v1/projects/sppu-notes-84332/services/firebasecrashlytics.googleapis.com [omitted]
[debug] [2026-09-27T11:57:16.853Z] <<< [apiv2][status] GET https://serviceusage.googleapis.com/v1/projects/sppu-notes-84332/services/firebaseapphosting.googleapis.com 200
[debug] [2026-09-27T11:57:16.853Z] <<< [apiv2][body] GET https://serviceusage.googleapis.com/v1/projects/sppu-notes-84332/services/firebaseapphosting.googleapis.com [omitted]
[debug] [2026-09-27T11:57:17.016Z] <<< [apiv2][status] GET https://serviceusage.googleapis.com/v1/projects/sppu-notes-84332/services/ 200
[debug] [2026-09-27T11:57:17.016Z] <<< [apiv2][body] GET https://serviceusage.googleapis.com/v1/projects/sppu-notes-84332/services/ [omitted]
[debug] [2026-09-27T11:57:15.427Z] Checked if tokens are valid: true, expires at: 1790513819968
[debug] [2026-09-27T11:57:15.567Z] Checked if tokens are valid: true, expires at: 1790513819968
[debug] [2026-09-27T11:57:15.577Z] Checked if tokens are valid: true, expires at: 1790513819968
[debug] [2026-09-27T11:57:15.585Z] Checked if tokens are valid: true, expires at: 1790513819968
[debug] [2026-09-27T11:57:15.604Z] Checked if tokens are valid: true, expires at: 1790513819968
[debug] [2026-09-27T11:57:15.604Z] Checked if tokens are valid: true, expires at: 1790513819968
[debug] [2026-09-27T11:57:15.609Z] Checked if tokens are valid: true, expires at: 1790513819968
[debug] [2026-09-27T11:57:15.611Z] Checked if tokens are valid: true, expires at: 1790513819968
[debug] [2026-09-27T11:57:15.623Z] Checked if tokens are valid: true, expires at: 1790513819968
[debug] [2026-09-27T11:57:15.624Z] Checked if tokens are valid: true, expires at: 1790513819968
[debug] [2026-09-27T11:57:15.634Z] >>> [apiv2][query] GET https://serviceusage.googleapis.com/v1/projects/sppu-notes-84332/services/ [none]
[debug] [2026-09-27T11:57:15.635Z] >>> [apiv2][(partial)header] GET https://serviceusage.googleapis.com/v1/projects/sppu-notes-84332/services/ x-goog-quota-user=projects/sppu-notes-84332
[debug] [2026-09-27T11:57:16.943Z] >>> [apiv2][query] GET https://serviceusage.googleapis.com/v1/projects/sppu-notes-84332/services/firebasedataconnect.googleapis.com [none]
[debug] [2026-09-27T11:57:16.944Z] >>> [apiv2][(partial)header] GET https://serviceusage.googleapis.com/v1/projects/sppu-notes-84332/services/firebasedataconnect.googleapis.com x-goog-quota-user=projects/sppu-notes-84332
[debug] [2026-09-27T11:57:16.964Z] >>> [apiv2][query] GET https://serviceusage.googleapis.com/v1/projects/sppu-notes-84332/services/firebasecrashlytics.googleapis.com [none]
[debug] [2026-09-27T11:57:16.965Z] >>> [apiv2][(partial)header] GET https://serviceusage.googleapis.com/v1/projects/sppu-notes-84332/services/firebasecrashlytics.googleapis.com x-goog-quota-user=projects/sppu-notes-84332
[debug] [2026-09-27T11:57:16.966Z] >>> [apiv2][query] GET https://serviceusage.googleapis.com/v1/projects/sppu-notes-84332/services/firebaseapphosting.googleapis.com [none]
[debug] [2026-09-27T11:57:16.966Z] >>> [apiv2][(partial)header] GET https://serviceusage.googleapis.com/v1/projects/sppu-notes-84332/services/firebaseapphosting.googleapis.com x-goog-quota-user=projects/sppu-notes-84332
[debug] [2026-09-27T11:57:16.968Z] >>> [apiv2][query] GET https://serviceusage.googleapis.com/v1/projects/sppu-notes-84332/services/firebaseio.com [none]
[debug] [2026-09-27T11:57:16.969Z] >>> [apiv2][(partial)header] GET https://serviceusage.googleapis.com/v1/projects/sppu-notes-84332/services/firebaseio.com x-goog-quota-user=projects/sppu-notes-84332
[debug] [2026-09-27T11:57:09.074Z] Checked if tokens are valid: true, expires at: 1790513819968
[debug] [2026-09-27T11:57:09.469Z] Checked if tokens are valid: true, expires at: 1790513819968
[debug] [2026-09-27T11:57:09.482Z] Checked if tokens are valid: true, expires at: 1790513819968
[debug] [2026-09-27T11:57:09.482Z] Checked if tokens are valid: true, expires at: 1790513819968
[debug] [2026-09-27T11:57:09.494Z] Checked if tokens are valid: true, expires at: 1790513819968
[debug] [2026-09-27T11:57:09.514Z] Checked if tokens are valid: true, expires at: 1790513819968
[debug] [2026-09-27T11:57:09.527Z] Checked if tokens are valid: true, expires at: 1790513819968
[debug] [2026-09-27T11:57:09.528Z] Checked if tokens are valid: true, expires at: 1790513819968
[debug] [2026-09-27T11:57:09.534Z] Checked if tokens are valid: true, expires at: 1790513819968
[debug] [2026-09-27T11:57:09.535Z] Checked if tokens are valid: true, expires at: 1790513819968
[debug] [2026-09-27T11:57:09.605Z] >>> [apiv2][query] GET https://serviceusage.googleapis.com/v1/projects/sppu-notes-84332/services/ [none]
[debug] [2026-09-27T11:57:09.606Z] >>> [apiv2][(partial)header] GET https://serviceusage.googleapis.com/v1/projects/sppu-notes-84332/services/ x-goog-quota-user=projects/sppu-notes-84332
[debug] [2026-09-27T11:57:12.416Z] >>> [apiv2][query] GET https://serviceusage.googleapis.com/v1/projects/sppu-notes-84332/services/firebasedataconnect.googleapis.com [none]
[debug] [2026-09-27T11:57:12.417Z] >>> [apiv2][(partial)header] GET https://serviceusage.googleapis.com/v1/projects/sppu-notes-84332/services/firebasedataconnect.googleapis.com x-goog-quota-user=projects/sppu-notes-84332
[debug] [2026-09-27T11:57:12.430Z] >>> [apiv2][query] GET https://serviceusage.googleapis.com/v1/projects/sppu-notes-84332/services/firebasecrashlytics.googleapis.com [none]
[debug] [2026-09-27T11:57:12.430Z] >>> [apiv2][(partial)header] GET https://serviceusage.googleapis.com/v1/projects/sppu-notes-84332/services/firebasecrashlytics.googleapis.com x-goog-quota-user=projects/sppu-notes-84332
[debug] [2026-09-27T11:57:12.438Z] >>> [apiv2][query] GET https://serviceusage.googleapis.com/v1/projects/sppu-notes-84332/services/firebaseapphosting.googleapis.com [none]
[debug] [2026-09-27T11:57:12.438Z] >>> [apiv2][(partial)header] GET https://serviceusage.googleapis.com/v1/projects/sppu-notes-84332/services/firebaseapphosting.googleapis.com x-goog-quota-user=projects/sppu-notes-84332
[debug] [2026-09-27T11:57:12.450Z] >>> [apiv2][query] GET https://serviceusage.googleapis.com/v1/projects/sppu-notes-84332/services/firebaseio.com [none]
[debug] [2026-09-27T11:57:12.451Z] >>> [apiv2][(partial)header] GET https://serviceusage.googleapis.com/v1/projects/sppu-notes-84332/services/firebaseio.com x-goog-quota-user=projects/sppu-notes-84332
[debug] [2026-09-27T11:57:17.238Z] <<< [apiv2][status] GET https://serviceusage.googleapis.com/v1/projects/sppu-notes-84332/services/firebaseio.com 403
[debug] [2026-09-27T11:57:17.239Z] <<< [apiv2][body] GET https://serviceusage.googleapis.com/v1/projects/sppu-notes-84332/services/firebaseio.com [omitted]
[debug] [2026-09-27T11:57:17.261Z] <<< [apiv2][status] GET https://serviceusage.googleapis.com/v1/projects/sppu-notes-84332/services/firebasedataconnect.googleapis.com 200
[debug] [2026-09-27T11:57:17.261Z] <<< [apiv2][body] GET https://serviceusage.googleapis.com/v1/projects/sppu-notes-84332/services/firebasedataconnect.googleapis.com [omitted]
[debug] [2026-09-27T11:57:15.880Z] Checked if tokens are valid: true, expires at: 1790513819968
[debug] [2026-09-27T11:57:15.951Z] Checked if tokens are valid: true, expires at: 1790513819968
[debug] [2026-09-27T11:57:15.956Z] Checked if tokens are valid: true, expires at: 1790513819968
[debug] [2026-09-27T11:57:15.956Z] Checked if tokens are valid: true, expires at: 1790513819968
[debug] [2026-09-27T11:57:15.972Z] Checked if tokens are valid: true, expires at: 1790513819968
[debug] [2026-09-27T11:57:15.972Z] Checked if tokens are valid: true, expires at: 1790513819968
[debug] [2026-09-27T11:57:15.976Z] Checked if tokens are valid: true, expires at: 1790513819968
[debug] [2026-09-27T11:57:15.977Z] Checked if tokens are valid: true, expires at: 1790513819968
[debug] [2026-09-27T11:57:15.982Z] Checked if tokens are valid: true, expires at: 1790513819968
[debug] [2026-09-27T11:57:15.982Z] Checked if tokens are valid: true, expires at: 1790513819968
[debug] [2026-09-27T11:57:15.987Z] >>> [apiv2][query] GET https://serviceusage.googleapis.com/v1/projects/sppu-notes-84332/services/ [none]
[debug] [2026-09-27T11:57:15.987Z] >>> [apiv2][(partial)header] GET https://serviceusage.googleapis.com/v1/projects/sppu-notes-84332/services/ x-goog-quota-user=projects/sppu-notes-84332
[debug] [2026-09-27T11:57:16.936Z] >>> [apiv2][query] GET https://serviceusage.googleapis.com/v1/projects/sppu-notes-84332/services/firebasedataconnect.googleapis.com [none]
[debug] [2026-09-27T11:57:16.937Z] >>> [apiv2][(partial)header] GET https://serviceusage.googleapis.com/v1/projects/sppu-notes-84332/services/firebasedataconnect.googleapis.com x-goog-quota-user=projects/sppu-notes-84332
[debug] [2026-09-27T11:57:16.954Z] >>> [apiv2][query] GET https://serviceusage.googleapis.com/v1/projects/sppu-notes-84332/services/firebasecrashlytics.googleapis.com [none]
[debug] [2026-09-27T11:57:16.954Z] >>> [apiv2][(partial)header] GET https://serviceusage.googleapis.com/v1/projects/sppu-notes-84332/services/firebasecrashlytics.googleapis.com x-goog-quota-user=projects/sppu-notes-84332
[debug] [2026-09-27T11:57:16.961Z] >>> [apiv2][query] GET https://serviceusage.googleapis.com/v1/projects/sppu-notes-84332/services/firebaseapphosting.googleapis.com [none]
[debug] [2026-09-27T11:57:16.961Z] >>> [apiv2][(partial)header] GET https://serviceusage.googleapis.com/v1/projects/sppu-notes-84332/services/firebaseapphosting.googleapis.com x-goog-quota-user=projects/sppu-notes-84332
[debug] [2026-09-27T11:57:16.972Z] >>> [apiv2][query] GET https://serviceusage.googleapis.com/v1/projects/sppu-notes-84332/services/firebaseio.com [none]
[debug] [2026-09-27T11:57:16.972Z] >>> [apiv2][(partial)header] GET https://serviceusage.googleapis.com/v1/projects/sppu-notes-84332/services/firebaseio.com x-goog-quota-user=projects/sppu-notes-84332
[debug] [2026-09-27T11:57:17.332Z] <<< [apiv2][status] GET https://serviceusage.googleapis.com/v1/projects/sppu-notes-84332/services/firebaseapphosting.googleapis.com 200
[debug] [2026-09-27T11:57:17.333Z] <<< [apiv2][body] GET https://serviceusage.googleapis.com/v1/projects/sppu-notes-84332/services/firebaseapphosting.googleapis.com [omitted]
[debug] [2026-09-27T11:57:17.337Z] <<< [apiv2][status] GET https://serviceusage.googleapis.com/v1/projects/sppu-notes-84332/services/firebasecrashlytics.googleapis.com 200
[debug] [2026-09-27T11:57:17.337Z] <<< [apiv2][body] GET https://serviceusage.googleapis.com/v1/projects/sppu-notes-84332/services/firebasecrashlytics.googleapis.com [omitted]
[debug] [2026-09-27T11:57:11.870Z] Checked if tokens are valid: true, expires at: 1790513819968
[debug] [2026-09-27T11:57:12.283Z] Checked if tokens are valid: true, expires at: 1790513819968
[debug] [2026-09-27T11:57:12.342Z] Checked if tokens are valid: true, expires at: 1790513819968
[debug] [2026-09-27T11:57:12.343Z] Checked if tokens are valid: true, expires at: 1790513819968
[debug] [2026-09-27T11:57:12.365Z] Checked if tokens are valid: true, expires at: 1790513819968
[debug] [2026-09-27T11:57:12.384Z] Checked if tokens are valid: true, expires at: 1790513819968
[debug] [2026-09-27T11:57:12.387Z] Checked if tokens are valid: true, expires at: 1790513819968
[debug] [2026-09-27T11:57:12.387Z] Checked if tokens are valid: true, expires at: 1790513819968
[debug] [2026-09-27T11:57:12.394Z] Checked if tokens are valid: true, expires at: 1790513819968
[debug] [2026-09-27T11:57:12.400Z] Checked if tokens are valid: true, expires at: 1790513819968
[debug] [2026-09-27T11:57:12.434Z] >>> [apiv2][query] GET https://serviceusage.googleapis.com/v1/projects/sppu-notes-84332/services/ [none]
[debug] [2026-09-27T11:57:12.434Z] >>> [apiv2][(partial)header] GET https://serviceusage.googleapis.com/v1/projects/sppu-notes-84332/services/ x-goog-quota-user=projects/sppu-notes-84332
[debug] [2026-09-27T11:57:14.922Z] >>> [apiv2][query] GET https://serviceusage.googleapis.com/v1/projects/sppu-notes-84332/services/firebasedataconnect.googleapis.com [none]
[debug] [2026-09-27T11:57:14.923Z] >>> [apiv2][(partial)header] GET https://serviceusage.googleapis.com/v1/projects/sppu-notes-84332/services/firebasedataconnect.googleapis.com x-goog-quota-user=projects/sppu-notes-84332
[debug] [2026-09-27T11:57:14.933Z] >>> [apiv2][query] GET https://serviceusage.googleapis.com/v1/projects/sppu-notes-84332/services/firebasecrashlytics.googleapis.com [none]
[debug] [2026-09-27T11:57:14.933Z] >>> [apiv2][(partial)header] GET https://serviceusage.googleapis.com/v1/projects/sppu-notes-84332/services/firebasecrashlytics.googleapis.com x-goog-quota-user=projects/sppu-notes-84332
[debug] [2026-09-27T11:57:14.937Z] >>> [apiv2][query] GET https://serviceusage.googleapis.com/v1/projects/sppu-notes-84332/services/firebaseapphosting.googleapis.com [none]
[debug] [2026-09-27T11:57:14.937Z] >>> [apiv2][(partial)header] GET https://serviceusage.googleapis.com/v1/projects/sppu-notes-84332/services/firebaseapphosting.googleapis.com x-goog-quota-user=projects/sppu-notes-84332
[debug] [2026-09-27T11:57:14.940Z] >>> [apiv2][query] GET https://serviceusage.googleapis.com/v1/projects/sppu-notes-84332/services/firebaseio.com [none]
[debug] [2026-09-27T11:57:14.940Z] >>> [apiv2][(partial)header] GET https://serviceusage.googleapis.com/v1/projects/sppu-notes-84332/services/firebaseio.com x-goog-quota-user=projects/sppu-notes-84332
[debug] [2026-09-27T11:57:17.413Z] <<< [apiv2][status] GET https://serviceusage.googleapis.com/v1/projects/sppu-notes-84332/services/firebaseio.com 403
[debug] [2026-09-27T11:57:17.416Z] <<< [apiv2][body] GET https://serviceusage.googleapis.com/v1/projects/sppu-notes-84332/services/firebaseio.com [omitted]
[debug] [2026-09-27T11:57:17.472Z] <<< [apiv2][status] GET https://serviceusage.googleapis.com/v1/projects/sppu-notes-84332/services/firebaseapphosting.googleapis.com 200
[debug] [2026-09-27T11:57:17.477Z] <<< [apiv2][body] GET https://serviceusage.googleapis.com/v1/projects/sppu-notes-84332/services/firebaseapphosting.googleapis.com [omitted]
[debug] [2026-09-27T11:57:17.478Z] <<< [apiv2][status] GET https://serviceusage.googleapis.com/v1/projects/sppu-notes-84332/services/firebasecrashlytics.googleapis.com 200
[debug] [2026-09-27T11:57:17.478Z] <<< [apiv2][body] GET https://serviceusage.googleapis.com/v1/projects/sppu-notes-84332/services/firebasecrashlytics.googleapis.com [omitted]
[debug] [2026-09-27T11:57:17.508Z] <<< [apiv2][status] GET https://serviceusage.googleapis.com/v1/projects/sppu-notes-84332/services/ 200
[debug] [2026-09-27T11:57:17.509Z] <<< [apiv2][body] GET https://serviceusage.googleapis.com/v1/projects/sppu-notes-84332/services/ [omitted]
[debug] [2026-09-27T11:57:11.489Z] Checked if tokens are valid: true, expires at: 1790513819968
[debug] [2026-09-27T11:57:12.003Z] Checked if tokens are valid: true, expires at: 1790513819968
[debug] [2026-09-27T11:57:12.135Z] Checked if tokens are valid: true, expires at: 1790513819968
[debug] [2026-09-27T11:57:12.135Z] Checked if tokens are valid: true, expires at: 1790513819968
[debug] [2026-09-27T11:57:12.155Z] Checked if tokens are valid: true, expires at: 1790513819968
[debug] [2026-09-27T11:57:12.187Z] Checked if tokens are valid: true, expires at: 1790513819968
[debug] [2026-09-27T11:57:12.195Z] Checked if tokens are valid: true, expires at: 1790513819968
[debug] [2026-09-27T11:57:12.195Z] Checked if tokens are valid: true, expires at: 1790513819968
[debug] [2026-09-27T11:57:12.199Z] Checked if tokens are valid: true, expires at: 1790513819968
[debug] [2026-09-27T11:57:12.200Z] Checked if tokens are valid: true, expires at: 1790513819968
[debug] [2026-09-27T11:57:12.309Z] >>> [apiv2][query] GET https://serviceusage.googleapis.com/v1/projects/sppu-notes-84332/services/ [none]
[debug] [2026-09-27T11:57:12.310Z] >>> [apiv2][(partial)header] GET https://serviceusage.googleapis.com/v1/projects/sppu-notes-84332/services/ x-goog-quota-user=projects/sppu-notes-84332
[debug] [2026-09-27T11:57:14.922Z] >>> [apiv2][query] GET https://serviceusage.googleapis.com/v1/projects/sppu-notes-84332/services/firebasedataconnect.googleapis.com [none]
[debug] [2026-09-27T11:57:14.922Z] >>> [apiv2][(partial)header] GET https://serviceusage.googleapis.com/v1/projects/sppu-notes-84332/services/firebasedataconnect.googleapis.com x-goog-quota-user=projects/sppu-notes-84332
[debug] [2026-09-27T11:57:14.936Z] >>> [apiv2][query] GET https://serviceusage.googleapis.com/v1/projects/sppu-notes-84332/services/firebasecrashlytics.googleapis.com [none]
[debug] [2026-09-27T11:57:14.936Z] >>> [apiv2][(partial)header] GET https://serviceusage.googleapis.com/v1/projects/sppu-notes-84332/services/firebasecrashlytics.googleapis.com x-goog-quota-user=projects/sppu-notes-84332
[debug] [2026-09-27T11:57:14.938Z] >>> [apiv2][query] GET https://serviceusage.googleapis.com/v1/projects/sppu-notes-84332/services/firebaseapphosting.googleapis.com [none]
[debug] [2026-09-27T11:57:14.939Z] >>> [apiv2][(partial)header] GET https://serviceusage.googleapis.com/v1/projects/sppu-notes-84332/services/firebaseapphosting.googleapis.com x-goog-quota-user=projects/sppu-notes-84332
[debug] [2026-09-27T11:57:14.941Z] >>> [apiv2][query] GET https://serviceusage.googleapis.com/v1/projects/sppu-notes-84332/services/firebaseio.com [none]
[debug] [2026-09-27T11:57:14.941Z] >>> [apiv2][(partial)header] GET https://serviceusage.googleapis.com/v1/projects/sppu-notes-84332/services/firebaseio.com x-goog-quota-user=projects/sppu-notes-84332
[debug] [2026-09-27T11:57:15.925Z] Checked if tokens are valid: true, expires at: 1790513819968
[debug] [2026-09-27T11:57:16.032Z] Checked if tokens are valid: true, expires at: 1790513819968
[debug] [2026-09-27T11:57:16.042Z] Checked if tokens are valid: true, expires at: 1790513819968
[debug] [2026-09-27T11:57:16.042Z] Checked if tokens are valid: true, expires at: 1790513819968
[debug] [2026-09-27T11:57:16.053Z] Checked if tokens are valid: true, expires at: 1790513819968
[debug] [2026-09-27T11:57:16.054Z] Checked if tokens are valid: true, expires at: 1790513819968
[debug] [2026-09-27T11:57:16.058Z] Checked if tokens are valid: true, expires at: 1790513819968
[debug] [2026-09-27T11:57:16.058Z] Checked if tokens are valid: true, expires at: 1790513819968
[debug] [2026-09-27T11:57:16.061Z] Checked if tokens are valid: true, expires at: 1790513819968
[debug] [2026-09-27T11:57:16.061Z] Checked if tokens are valid: true, expires at: 1790513819968
[debug] [2026-09-27T11:57:16.076Z] >>> [apiv2][query] GET https://serviceusage.googleapis.com/v1/projects/sppu-notes-84332/services/ [none]
[debug] [2026-09-27T11:57:16.076Z] >>> [apiv2][(partial)header] GET https://serviceusage.googleapis.com/v1/projects/sppu-notes-84332/services/ x-goog-quota-user=projects/sppu-notes-84332
[debug] [2026-09-27T11:57:17.569Z] >>> [apiv2][query] GET https://serviceusage.googleapis.com/v1/projects/sppu-notes-84332/services/firebasedataconnect.googleapis.com [none]
[debug] [2026-09-27T11:57:17.570Z] >>> [apiv2][(partial)header] GET https://serviceusage.googleapis.com/v1/projects/sppu-notes-84332/services/firebasedataconnect.googleapis.com x-goog-quota-user=projects/sppu-notes-84332
[debug] [2026-09-27T11:57:17.574Z] >>> [apiv2][query] GET https://serviceusage.googleapis.com/v1/projects/sppu-notes-84332/services/firebasecrashlytics.googleapis.com [none]
[debug] [2026-09-27T11:57:17.574Z] >>> [apiv2][(partial)header] GET https://serviceusage.googleapis.com/v1/projects/sppu-notes-84332/services/firebasecrashlytics.googleapis.com x-goog-quota-user=projects/sppu-notes-84332
[debug] [2026-09-27T11:57:17.577Z] >>> [apiv2][query] GET https://serviceusage.googleapis.com/v1/projects/sppu-notes-84332/services/firebaseapphosting.googleapis.com [none]
[debug] [2026-09-27T11:57:17.577Z] >>> [apiv2][(partial)header] GET https://serviceusage.googleapis.com/v1/projects/sppu-notes-84332/services/firebaseapphosting.googleapis.com x-goog-quota-user=projects/sppu-notes-84332
[debug] [2026-09-27T11:57:17.579Z] >>> [apiv2][query] GET https://serviceusage.googleapis.com/v1/projects/sppu-notes-84332/services/firebaseio.com [none]
[debug] [2026-09-27T11:57:17.579Z] >>> [apiv2][(partial)header] GET https://serviceusage.googleapis.com/v1/projects/sppu-notes-84332/services/firebaseio.com x-goog-quota-user=projects/sppu-notes-84332
[debug] [2026-09-27T11:57:17.983Z] <<< [apiv2][status] GET https://serviceusage.googleapis.com/v1/projects/sppu-notes-84332/services/firebaseio.com 403
[debug] [2026-09-27T11:57:17.984Z] <<< [apiv2][body] GET https://serviceusage.googleapis.com/v1/projects/sppu-notes-84332/services/firebaseio.com [omitted]
[debug] [2026-09-27T11:57:18.034Z] <<< [apiv2][status] GET https://serviceusage.googleapis.com/v1/projects/sppu-notes-84332/services/firebaseapphosting.googleapis.com 200
[debug] [2026-09-27T11:57:18.035Z] <<< [apiv2][body] GET https://serviceusage.googleapis.com/v1/projects/sppu-notes-84332/services/firebaseapphosting.googleapis.com [omitted]
[debug] [2026-09-27T11:57:18.037Z] <<< [apiv2][status] GET https://serviceusage.googleapis.com/v1/projects/sppu-notes-84332/services/firebasedataconnect.googleapis.com 200
[debug] [2026-09-27T11:57:18.037Z] <<< [apiv2][body] GET https://serviceusage.googleapis.com/v1/projects/sppu-notes-84332/services/firebasedataconnect.googleapis.com [omitted]
[debug] [2026-09-27T11:57:11.802Z] Checked if tokens are valid: true, expires at: 1790513819968
[debug] [2026-09-27T11:57:12.369Z] Checked if tokens are valid: true, expires at: 1790513819968
[debug] [2026-09-27T11:57:12.417Z] Checked if tokens are valid: true, expires at: 1790513819968
[debug] [2026-09-27T11:57:12.422Z] Checked if tokens are valid: true, expires at: 1790513819968
[debug] [2026-09-27T11:57:12.434Z] Checked if tokens are valid: true, expires at: 1790513819968
[debug] [2026-09-27T11:57:12.450Z] Checked if tokens are valid: true, expires at: 1790513819968
[debug] [2026-09-27T11:57:12.466Z] Checked if tokens are valid: true, expires at: 1790513819968
[debug] [2026-09-27T11:57:12.467Z] Checked if tokens are valid: true, expires at: 1790513819968
[debug] [2026-09-27T11:57:12.469Z] Checked if tokens are valid: true, expires at: 1790513819968
[debug] [2026-09-27T11:57:12.473Z] Checked if tokens are valid: true, expires at: 1790513819968
[debug] [2026-09-27T11:57:12.674Z] >>> [apiv2][query] GET https://serviceusage.googleapis.com/v1/projects/sppu-notes-84332/services/ [none]
[debug] [2026-09-27T11:57:12.674Z] >>> [apiv2][(partial)header] GET https://serviceusage.googleapis.com/v1/projects/sppu-notes-84332/services/ x-goog-quota-user=projects/sppu-notes-84332
[debug] [2026-09-27T11:57:16.041Z] >>> [apiv2][query] GET https://serviceusage.googleapis.com/v1/projects/sppu-notes-84332/services/firebasedataconnect.googleapis.com [none]
[debug] [2026-09-27T11:57:16.041Z] >>> [apiv2][(partial)header] GET https://serviceusage.googleapis.com/v1/projects/sppu-notes-84332/services/firebasedataconnect.googleapis.com x-goog-quota-user=projects/sppu-notes-84332
[debug] [2026-09-27T11:57:16.051Z] >>> [apiv2][query] GET https://serviceusage.googleapis.com/v1/projects/sppu-notes-84332/services/firebasecrashlytics.googleapis.com [none]
[debug] [2026-09-27T11:57:16.052Z] >>> [apiv2][(partial)header] GET https://serviceusage.googleapis.com/v1/projects/sppu-notes-84332/services/firebasecrashlytics.googleapis.com x-goog-quota-user=projects/sppu-notes-84332
[debug] [2026-09-27T11:57:16.057Z] >>> [apiv2][query] GET https://serviceusage.googleapis.com/v1/projects/sppu-notes-84332/services/firebaseapphosting.googleapis.com [none]
[debug] [2026-09-27T11:57:16.057Z] >>> [apiv2][(partial)header] GET https://serviceusage.googleapis.com/v1/projects/sppu-notes-84332/services/firebaseapphosting.googleapis.com x-goog-quota-user=projects/sppu-notes-84332
[debug] [2026-09-27T11:57:16.062Z] >>> [apiv2][query] GET https://serviceusage.googleapis.com/v1/projects/sppu-notes-84332/services/firebaseio.com [none]
[debug] [2026-09-27T11:57:16.062Z] >>> [apiv2][(partial)header] GET https://serviceusage.googleapis.com/v1/projects/sppu-notes-84332/services/firebaseio.com x-goog-quota-user=projects/sppu-notes-84332
[debug] [2026-09-27T11:57:18.429Z] <<< [apiv2][status] GET https://serviceusage.googleapis.com/v1/projects/sppu-notes-84332/services/ 200
[debug] [2026-09-27T11:57:18.429Z] <<< [apiv2][body] GET https://serviceusage.googleapis.com/v1/projects/sppu-notes-84332/services/ [omitted]
[debug] [2026-09-27T11:57:18.442Z] <<< [apiv2][status] GET https://serviceusage.googleapis.com/v1/projects/sppu-notes-84332/services/firebaseio.com 403
[debug] [2026-09-27T11:57:18.442Z] <<< [apiv2][body] GET https://serviceusage.googleapis.com/v1/projects/sppu-notes-84332/services/firebaseio.com [omitted]
[debug] [2026-09-27T11:57:14.301Z] Checked if tokens are valid: true, expires at: 1790513819968
[debug] [2026-09-27T11:57:14.272Z] Checked if tokens are valid: true, expires at: 1790513819968
[debug] [2026-09-27T11:57:14.569Z] Checked if tokens are valid: true, expires at: 1790513819968
[debug] [2026-09-27T11:57:14.626Z] Checked if tokens are valid: true, expires at: 1790513819968
[debug] [2026-09-27T11:57:14.626Z] Checked if tokens are valid: true, expires at: 1790513819968
[debug] [2026-09-27T11:57:14.637Z] Checked if tokens are valid: true, expires at: 1790513819968
[debug] [2026-09-27T11:57:14.653Z] Checked if tokens are valid: true, expires at: 1790513819968
[debug] [2026-09-27T11:57:14.664Z] Checked if tokens are valid: true, expires at: 1790513819968
[debug] [2026-09-27T11:57:14.667Z] Checked if tokens are valid: true, expires at: 1790513819968
[debug] [2026-09-27T11:57:14.686Z] Checked if tokens are valid: true, expires at: 1790513819968
[debug] [2026-09-27T11:57:14.687Z] Checked if tokens are valid: true, expires at: 1790513819968
[debug] [2026-09-27T11:57:14.817Z] >>> [apiv2][query] GET https://serviceusage.googleapis.com/v1/projects/sppu-notes-84332/services/ [none]
[debug] [2026-09-27T11:57:14.817Z] >>> [apiv2][(partial)header] GET https://serviceusage.googleapis.com/v1/projects/sppu-notes-84332/services/ x-goog-quota-user=projects/sppu-notes-84332
[debug] [2026-09-27T11:57:16.990Z] >>> [apiv2][query] GET https://serviceusage.googleapis.com/v1/projects/sppu-notes-84332/services/firebasedataconnect.googleapis.com [none]
[debug] [2026-09-27T11:57:16.991Z] >>> [apiv2][(partial)header] GET https://serviceusage.googleapis.com/v1/projects/sppu-notes-84332/services/firebasedataconnect.googleapis.com x-goog-quota-user=projects/sppu-notes-84332
[debug] [2026-09-27T11:57:16.997Z] >>> [apiv2][query] GET https://serviceusage.googleapis.com/v1/projects/sppu-notes-84332/services/firebasecrashlytics.googleapis.com [none]
[debug] [2026-09-27T11:57:16.997Z] >>> [apiv2][(partial)header] GET https://serviceusage.googleapis.com/v1/projects/sppu-notes-84332/services/firebasecrashlytics.googleapis.com x-goog-quota-user=projects/sppu-notes-84332
[debug] [2026-09-27T11:57:17.001Z] >>> [apiv2][query] GET https://serviceusage.googleapis.com/v1/projects/sppu-notes-84332/services/firebaseapphosting.googleapis.com [none]
[debug] [2026-09-27T11:57:17.002Z] >>> [apiv2][(partial)header] GET https://serviceusage.googleapis.com/v1/projects/sppu-notes-84332/services/firebaseapphosting.googleapis.com x-goog-quota-user=projects/sppu-notes-84332
[debug] [2026-09-27T11:57:17.007Z] >>> [apiv2][query] GET https://serviceusage.googleapis.com/v1/projects/sppu-notes-84332/services/firebaseio.com [none]
[debug] [2026-09-27T11:57:17.008Z] >>> [apiv2][(partial)header] GET https://serviceusage.googleapis.com/v1/projects/sppu-notes-84332/services/firebaseio.com x-goog-quota-user=projects/sppu-notes-84332
[debug] [2026-09-27T11:57:14.480Z] Checked if tokens are valid: true, expires at: 1790513819968
[debug] [2026-09-27T11:57:14.519Z] Checked if tokens are valid: true, expires at: 1790513819968
[debug] [2026-09-27T11:57:14.519Z] Checked if tokens are valid: true, expires at: 1790513819968
[debug] [2026-09-27T11:57:14.683Z] Checked if tokens are valid: true, expires at: 1790513819968
[debug] [2026-09-27T11:57:14.704Z] Checked if tokens are valid: true, expires at: 1790513819968
[debug] [2026-09-27T11:57:14.721Z] Checked if tokens are valid: true, expires at: 1790513819968
[debug] [2026-09-27T11:57:14.721Z] Checked if tokens are valid: true, expires at: 1790513819968
[debug] [2026-09-27T11:57:14.724Z] Checked if tokens are valid: true, expires at: 1790513819968
[debug] [2026-09-27T11:57:14.753Z] Checked if tokens are valid: true, expires at: 1790513819968
[debug] [2026-09-27T11:57:14.816Z] >>> [apiv2][query] GET https://serviceusage.googleapis.com/v1/projects/sppu-notes-84332/services/ [none]
[debug] [2026-09-27T11:57:14.816Z] >>> [apiv2][(partial)header] GET https://serviceusage.googleapis.com/v1/projects/sppu-notes-84332/services/ x-goog-quota-user=projects/sppu-notes-84332
[debug] [2026-09-27T11:57:16.824Z] >>> [apiv2][query] GET https://serviceusage.googleapis.com/v1/projects/sppu-notes-84332/services/firebasedataconnect.googleapis.com [none]
[debug] [2026-09-27T11:57:16.825Z] >>> [apiv2][(partial)header] GET https://serviceusage.googleapis.com/v1/projects/sppu-notes-84332/services/firebasedataconnect.googleapis.com x-goog-quota-user=projects/sppu-notes-84332
[debug] [2026-09-27T11:57:16.830Z] >>> [apiv2][query] GET https://serviceusage.googleapis.com/v1/projects/sppu-notes-84332/services/firebasecrashlytics.googleapis.com [none]
[debug] [2026-09-27T11:57:16.830Z] >>> [apiv2][(partial)header] GET https://serviceusage.googleapis.com/v1/projects/sppu-notes-84332/services/firebasecrashlytics.googleapis.com x-goog-quota-user=projects/sppu-notes-84332
[debug] [2026-09-27T11:57:16.837Z] >>> [apiv2][query] GET https://serviceusage.googleapis.com/v1/projects/sppu-notes-84332/services/firebaseapphosting.googleapis.com [none]
[debug] [2026-09-27T11:57:16.837Z] >>> [apiv2][(partial)header] GET https://serviceusage.googleapis.com/v1/projects/sppu-notes-84332/services/firebaseapphosting.googleapis.com x-goog-quota-user=projects/sppu-notes-84332
[debug] [2026-09-27T11:57:16.843Z] >>> [apiv2][query] GET https://serviceusage.googleapis.com/v1/projects/sppu-notes-84332/services/firebaseio.com [none]
[debug] [2026-09-27T11:57:16.844Z] >>> [apiv2][(partial)header] GET https://serviceusage.googleapis.com/v1/projects/sppu-notes-84332/services/firebaseio.com x-goog-quota-user=projects/sppu-notes-84332
[debug] [2026-09-27T11:57:18.660Z] <<< [apiv2][status] GET https://serviceusage.googleapis.com/v1/projects/sppu-notes-84332/services/firebasecrashlytics.googleapis.com 200
[debug] [2026-09-27T11:57:15.263Z] Checked if tokens are valid: true, expires at: 1790513819968
[debug] [2026-09-27T11:57:18.673Z] <<< [apiv2][body] GET https://serviceusage.googleapis.com/v1/projects/sppu-notes-84332/services/firebasecrashlytics.googleapis.com [omitted]
[debug] [2026-09-27T11:57:15.641Z] Checked if tokens are valid: true, expires at: 1790513819968
[debug] [2026-09-27T11:57:15.666Z] Checked if tokens are valid: true, expires at: 1790513819968
[debug] [2026-09-27T11:57:15.668Z] Checked if tokens are valid: true, expires at: 1790513819968
[debug] [2026-09-27T11:57:15.677Z] Checked if tokens are valid: true, expires at: 1790513819968
[debug] [2026-09-27T11:57:15.685Z] Checked if tokens are valid: true, expires at: 1790513819968
[debug] [2026-09-27T11:57:15.689Z] Checked if tokens are valid: true, expires at: 1790513819968
[debug] [2026-09-27T11:57:15.689Z] Checked if tokens are valid: true, expires at: 1790513819968
[debug] [2026-09-27T11:57:15.696Z] Checked if tokens are valid: true, expires at: 1790513819968
[debug] [2026-09-27T11:57:15.696Z] Checked if tokens are valid: true, expires at: 1790513819968
[debug] [2026-09-27T11:57:15.754Z] >>> [apiv2][query] GET https://serviceusage.googleapis.com/v1/projects/sppu-notes-84332/services/ [none]
[debug] [2026-09-27T11:57:15.774Z] >>> [apiv2][(partial)header] GET https://serviceusage.googleapis.com/v1/projects/sppu-notes-84332/services/ x-goog-quota-user=projects/sppu-notes-84332
[debug] [2026-09-27T11:57:16.921Z] >>> [apiv2][query] GET https://serviceusage.googleapis.com/v1/projects/sppu-notes-84332/services/firebasedataconnect.googleapis.com [none]
[debug] [2026-09-27T11:57:16.922Z] >>> [apiv2][(partial)header] GET https://serviceusage.googleapis.com/v1/projects/sppu-notes-84332/services/firebasedataconnect.googleapis.com x-goog-quota-user=projects/sppu-notes-84332
[debug] [2026-09-27T11:57:16.928Z] >>> [apiv2][query] GET https://serviceusage.googleapis.com/v1/projects/sppu-notes-84332/services/firebasecrashlytics.googleapis.com [none]
[debug] [2026-09-27T11:57:16.929Z] >>> [apiv2][(partial)header] GET https://serviceusage.googleapis.com/v1/projects/sppu-notes-84332/services/firebasecrashlytics.googleapis.com x-goog-quota-user=projects/sppu-notes-84332
[debug] [2026-09-27T11:57:16.948Z] >>> [apiv2][query] GET https://serviceusage.googleapis.com/v1/projects/sppu-notes-84332/services/firebaseapphosting.googleapis.com [none]
[debug] [2026-09-27T11:57:16.948Z] >>> [apiv2][(partial)header] GET https://serviceusage.googleapis.com/v1/projects/sppu-notes-84332/services/firebaseapphosting.googleapis.com x-goog-quota-user=projects/sppu-notes-84332
[debug] [2026-09-27T11:57:16.955Z] >>> [apiv2][query] GET https://serviceusage.googleapis.com/v1/projects/sppu-notes-84332/services/firebaseio.com [none]
[debug] [2026-09-27T11:57:16.955Z] >>> [apiv2][(partial)header] GET https://serviceusage.googleapis.com/v1/projects/sppu-notes-84332/services/firebaseio.com x-goog-quota-user=projects/sppu-notes-84332
[debug] [2026-09-27T11:57:18.693Z] <<< [apiv2][status] GET https://serviceusage.googleapis.com/v1/projects/sppu-notes-84332/services/firebaseio.com 403
[debug] [2026-09-27T11:57:18.693Z] <<< [apiv2][body] GET https://serviceusage.googleapis.com/v1/projects/sppu-notes-84332/services/firebaseio.com [omitted]
[debug] [2026-09-27T11:57:18.802Z] <<< [apiv2][status] GET https://serviceusage.googleapis.com/v1/projects/sppu-notes-84332/services/ 200
[debug] [2026-09-27T11:57:18.803Z] <<< [apiv2][body] GET https://serviceusage.googleapis.com/v1/projects/sppu-notes-84332/services/ [omitted]
[debug] [2026-09-27T11:57:16.134Z] Checked if tokens are valid: true, expires at: 1790513819968
[debug] [2026-09-27T11:57:16.634Z] Checked if tokens are valid: true, expires at: 1790513819968
[debug] [2026-09-27T11:57:16.688Z] Checked if tokens are valid: true, expires at: 1790513819968
[debug] [2026-09-27T11:57:16.689Z] Checked if tokens are valid: true, expires at: 1790513819968
[debug] [2026-09-27T11:57:16.733Z] Checked if tokens are valid: true, expires at: 1790513819968
[debug] [2026-09-27T11:57:16.756Z] Checked if tokens are valid: true, expires at: 1790513819968
[debug] [2026-09-27T11:57:16.763Z] Checked if tokens are valid: true, expires at: 1790513819968
[debug] [2026-09-27T11:57:16.763Z] Checked if tokens are valid: true, expires at: 1790513819968
[debug] [2026-09-27T11:57:16.769Z] Checked if tokens are valid: true, expires at: 1790513819968
[debug] [2026-09-27T11:57:16.774Z] Checked if tokens are valid: true, expires at: 1790513819968
[debug] [2026-09-27T11:57:16.826Z] >>> [apiv2][query] GET https://serviceusage.googleapis.com/v1/projects/sppu-notes-84332/services/ [none]
[debug] [2026-09-27T11:57:16.829Z] >>> [apiv2][(partial)header] GET https://serviceusage.googleapis.com/v1/projects/sppu-notes-84332/services/ x-goog-quota-user=projects/sppu-notes-84332
[debug] [2026-09-27T11:57:18.127Z] >>> [apiv2][query] GET https://serviceusage.googleapis.com/v1/projects/sppu-notes-84332/services/firebasedataconnect.googleapis.com [none]
[debug] [2026-09-27T11:57:18.127Z] >>> [apiv2][(partial)header] GET https://serviceusage.googleapis.com/v1/projects/sppu-notes-84332/services/firebasedataconnect.googleapis.com x-goog-quota-user=projects/sppu-notes-84332
[debug] [2026-09-27T11:57:18.132Z] >>> [apiv2][query] GET https://serviceusage.googleapis.com/v1/projects/sppu-notes-84332/services/firebasecrashlytics.googleapis.com [none]
[debug] [2026-09-27T11:57:18.132Z] >>> [apiv2][(partial)header] GET https://serviceusage.googleapis.com/v1/projects/sppu-notes-84332/services/firebasecrashlytics.googleapis.com x-goog-quota-user=projects/sppu-notes-84332
[debug] [2026-09-27T11:57:18.192Z] >>> [apiv2][query] GET https://serviceusage.googleapis.com/v1/projects/sppu-notes-84332/services/firebaseapphosting.googleapis.com [none]
[debug] [2026-09-27T11:57:18.192Z] >>> [apiv2][(partial)header] GET https://serviceusage.googleapis.com/v1/projects/sppu-notes-84332/services/firebaseapphosting.googleapis.com x-goog-quota-user=projects/sppu-notes-84332
[debug] [2026-09-27T11:57:18.235Z] >>> [apiv2][query] GET https://serviceusage.googleapis.com/v1/projects/sppu-notes-84332/services/firebaseio.com [none]
[debug] [2026-09-27T11:57:18.235Z] >>> [apiv2][(partial)header] GET https://serviceusage.googleapis.com/v1/projects/sppu-notes-84332/services/firebaseio.com x-goog-quota-user=projects/sppu-notes-84332
[debug] [2026-09-27T11:57:18.832Z] <<< [apiv2][status] GET https://serviceusage.googleapis.com/v1/projects/sppu-notes-84332/services/firebasecrashlytics.googleapis.com 200
[debug] [2026-09-27T11:57:18.833Z] <<< [apiv2][body] GET https://serviceusage.googleapis.com/v1/projects/sppu-notes-84332/services/firebasecrashlytics.googleapis.com [omitted]
[debug] [2026-09-27T11:57:18.849Z] <<< [apiv2][status] GET https://serviceusage.googleapis.com/v1/projects/sppu-notes-84332/services/firebaseapphosting.googleapis.com 200
[debug] [2026-09-27T11:57:18.849Z] <<< [apiv2][body] GET https://serviceusage.googleapis.com/v1/projects/sppu-notes-84332/services/firebaseapphosting.googleapis.com [omitted]
[debug] [2026-09-27T11:57:18.868Z] <<< [apiv2][status] GET https://serviceusage.googleapis.com/v1/projects/sppu-notes-84332/services/firebasedataconnect.googleapis.com 200
[debug] [2026-09-27T11:57:18.869Z] <<< [apiv2][body] GET https://serviceusage.googleapis.com/v1/projects/sppu-notes-84332/services/firebasedataconnect.googleapis.com [omitted]
[debug] [2026-09-27T11:57:18.887Z] <<< [apiv2][status] GET https://serviceusage.googleapis.com/v1/projects/sppu-notes-84332/services/firebasedataconnect.googleapis.com 200
[debug] [2026-09-27T11:57:18.887Z] <<< [apiv2][body] GET https://serviceusage.googleapis.com/v1/projects/sppu-notes-84332/services/firebasedataconnect.googleapis.com [omitted]
[debug] [2026-09-27T11:57:14.650Z] Checked if tokens are valid: true, expires at: 1790513819968
[debug] [2026-09-27T11:57:18.893Z] <<< [apiv2][status] GET https://serviceusage.googleapis.com/v1/projects/sppu-notes-84332/services/firebaseapphosting.googleapis.com 200
[debug] [2026-09-27T11:57:18.894Z] <<< [apiv2][body] GET https://serviceusage.googleapis.com/v1/projects/sppu-notes-84332/services/firebaseapphosting.googleapis.com [omitted]
[debug] [2026-09-27T11:57:18.904Z] <<< [apiv2][status] GET https://serviceusage.googleapis.com/v1/projects/sppu-notes-84332/services/firebaseio.com 403
[debug] [2026-09-27T11:57:15.049Z] Checked if tokens are valid: true, expires at: 1790513819968
[debug] [2026-09-27T11:57:15.142Z] Checked if tokens are valid: true, expires at: 1790513819968
[debug] [2026-09-27T11:57:15.151Z] Checked if tokens are valid: true, expires at: 1790513819968
[debug] [2026-09-27T11:57:15.164Z] Checked if tokens are valid: true, expires at: 1790513819968
[debug] [2026-09-27T11:57:15.184Z] Checked if tokens are valid: true, expires at: 1790513819968
[debug] [2026-09-27T11:57:15.212Z] Checked if tokens are valid: true, expires at: 1790513819968
[debug] [2026-09-27T11:57:15.213Z] Checked if tokens are valid: true, expires at: 1790513819968
[debug] [2026-09-27T11:57:15.219Z] Checked if tokens are valid: true, expires at: 1790513819968
[debug] [2026-09-27T11:57:15.220Z] Checked if tokens are valid: true, expires at: 1790513819968
[debug] [2026-09-27T11:57:15.392Z] >>> [apiv2][query] GET https://serviceusage.googleapis.com/v1/projects/sppu-notes-84332/services/ [none]
[debug] [2026-09-27T11:57:15.392Z] >>> [apiv2][(partial)header] GET https://serviceusage.googleapis.com/v1/projects/sppu-notes-84332/services/ x-goog-quota-user=projects/sppu-notes-84332
[debug] [2026-09-27T11:57:17.091Z] >>> [apiv2][query] GET https://serviceusage.googleapis.com/v1/projects/sppu-notes-84332/services/firebasedataconnect.googleapis.com [none]
[debug] [2026-09-27T11:57:17.091Z] >>> [apiv2][(partial)header] GET https://serviceusage.googleapis.com/v1/projects/sppu-notes-84332/services/firebasedataconnect.googleapis.com x-goog-quota-user=projects/sppu-notes-84332
[debug] [2026-09-27T11:57:17.094Z] >>> [apiv2][query] GET https://serviceusage.googleapis.com/v1/projects/sppu-notes-84332/services/firebasecrashlytics.googleapis.com [none]
[debug] [2026-09-27T11:57:17.094Z] >>> [apiv2][(partial)header] GET https://serviceusage.googleapis.com/v1/projects/sppu-notes-84332/services/firebasecrashlytics.googleapis.com x-goog-quota-user=projects/sppu-notes-84332
[debug] [2026-09-27T11:57:17.096Z] >>> [apiv2][query] GET https://serviceusage.googleapis.com/v1/projects/sppu-notes-84332/services/firebaseapphosting.googleapis.com [none]
[debug] [2026-09-27T11:57:17.096Z] >>> [apiv2][(partial)header] GET https://serviceusage.googleapis.com/v1/projects/sppu-notes-84332/services/firebaseapphosting.googleapis.com x-goog-quota-user=projects/sppu-notes-84332
[debug] [2026-09-27T11:57:17.108Z] >>> [apiv2][query] GET https://serviceusage.googleapis.com/v1/projects/sppu-notes-84332/services/firebaseio.com [none]
[debug] [2026-09-27T11:57:17.108Z] >>> [apiv2][(partial)header] GET https://serviceusage.googleapis.com/v1/projects/sppu-notes-84332/services/firebaseio.com x-goog-quota-user=projects/sppu-notes-84332
[debug] [2026-09-27T11:57:18.905Z] <<< [apiv2][body] GET https://serviceusage.googleapis.com/v1/projects/sppu-notes-84332/services/firebaseio.com [omitted]
[debug] [2026-09-27T11:57:16.959Z] Checked if tokens are valid: true, expires at: 1790513819968
[debug] [2026-09-27T11:57:18.919Z] <<< [apiv2][status] GET https://serviceusage.googleapis.com/v1/projects/sppu-notes-84332/services/firebasecrashlytics.googleapis.com 200
[debug] [2026-09-27T11:57:18.919Z] <<< [apiv2][body] GET https://serviceusage.googleapis.com/v1/projects/sppu-notes-84332/services/firebasecrashlytics.googleapis.com [omitted]
[debug] [2026-09-27T11:57:17.185Z] Checked if tokens are valid: true, expires at: 1790513819968
[debug] [2026-09-27T11:57:17.236Z] Checked if tokens are valid: true, expires at: 1790513819968
[debug] [2026-09-27T11:57:17.236Z] Checked if tokens are valid: true, expires at: 1790513819968
[debug] [2026-09-27T11:57:17.246Z] Checked if tokens are valid: true, expires at: 1790513819968
[debug] [2026-09-27T11:57:17.257Z] Checked if tokens are valid: true, expires at: 1790513819968
[debug] [2026-09-27T11:57:17.261Z] Checked if tokens are valid: true, expires at: 1790513819968
[debug] [2026-09-27T11:57:17.268Z] Checked if tokens are valid: true, expires at: 1790513819968
[debug] [2026-09-27T11:57:17.271Z] Checked if tokens are valid: true, expires at: 1790513819968
[debug] [2026-09-27T11:57:17.287Z] Checked if tokens are valid: true, expires at: 1790513819968
[debug] [2026-09-27T11:57:17.322Z] >>> [apiv2][query] GET https://serviceusage.googleapis.com/v1/projects/sppu-notes-84332/services/ [none]
[debug] [2026-09-27T11:57:17.323Z] >>> [apiv2][(partial)header] GET https://serviceusage.googleapis.com/v1/projects/sppu-notes-84332/services/ x-goog-quota-user=projects/sppu-notes-84332
[debug] [2026-09-27T11:57:18.183Z] >>> [apiv2][query] GET https://serviceusage.googleapis.com/v1/projects/sppu-notes-84332/services/firebasedataconnect.googleapis.com [none]
[debug] [2026-09-27T11:57:18.183Z] >>> [apiv2][(partial)header] GET https://serviceusage.googleapis.com/v1/projects/sppu-notes-84332/services/firebasedataconnect.googleapis.com x-goog-quota-user=projects/sppu-notes-84332
[debug] [2026-09-27T11:57:18.190Z] >>> [apiv2][query] GET https://serviceusage.googleapis.com/v1/projects/sppu-notes-84332/services/firebasecrashlytics.googleapis.com [none]
[debug] [2026-09-27T11:57:18.190Z] >>> [apiv2][(partial)header] GET https://serviceusage.googleapis.com/v1/projects/sppu-notes-84332/services/firebasecrashlytics.googleapis.com x-goog-quota-user=projects/sppu-notes-84332
[debug] [2026-09-27T11:57:18.197Z] >>> [apiv2][query] GET https://serviceusage.googleapis.com/v1/projects/sppu-notes-84332/services/firebaseapphosting.googleapis.com [none]
[debug] [2026-09-27T11:57:18.197Z] >>> [apiv2][(partial)header] GET https://serviceusage.googleapis.com/v1/projects/sppu-notes-84332/services/firebaseapphosting.googleapis.com x-goog-quota-user=projects/sppu-notes-84332
[debug] [2026-09-27T11:57:18.199Z] >>> [apiv2][query] GET https://serviceusage.googleapis.com/v1/projects/sppu-notes-84332/services/firebaseio.com [none]
[debug] [2026-09-27T11:57:18.199Z] >>> [apiv2][(partial)header] GET https://serviceusage.googleapis.com/v1/projects/sppu-notes-84332/services/firebaseio.com x-goog-quota-user=projects/sppu-notes-84332
[debug] [2026-09-27T11:57:18.936Z] <<< [apiv2][status] GET https://serviceusage.googleapis.com/v1/projects/sppu-notes-84332/services/firebasedataconnect.googleapis.com 200
[debug] [2026-09-27T11:57:18.936Z] <<< [apiv2][body] GET https://serviceusage.googleapis.com/v1/projects/sppu-notes-84332/services/firebasedataconnect.googleapis.com [omitted]
[debug] [2026-09-27T11:57:18.942Z] <<< [apiv2][status] GET https://serviceusage.googleapis.com/v1/projects/sppu-notes-84332/services/ 200
[debug] [2026-09-27T11:57:18.942Z] <<< [apiv2][body] GET https://serviceusage.googleapis.com/v1/projects/sppu-notes-84332/services/ [omitted]
[debug] [2026-09-27T11:57:18.993Z] <<< [apiv2][status] GET https://serviceusage.googleapis.com/v1/projects/sppu-notes-84332/services/firebaseio.com 403
[debug] [2026-09-27T11:57:18.994Z] <<< [apiv2][body] GET https://serviceusage.googleapis.com/v1/projects/sppu-notes-84332/services/firebaseio.com [omitted]
[debug] [2026-09-27T11:57:19.027Z] <<< [apiv2][status] GET https://serviceusage.googleapis.com/v1/projects/sppu-notes-84332/services/firebasedataconnect.googleapis.com 200
[debug] [2026-09-27T11:57:19.027Z] <<< [apiv2][body] GET https://serviceusage.googleapis.com/v1/projects/sppu-notes-84332/services/firebasedataconnect.googleapis.com [omitted]
[debug] [2026-09-27T11:57:19.042Z] <<< [apiv2][status] GET https://serviceusage.googleapis.com/v1/projects/sppu-notes-84332/services/firebaseapphosting.googleapis.com 200
[debug] [2026-09-27T11:57:19.042Z] <<< [apiv2][body] GET https://serviceusage.googleapis.com/v1/projects/sppu-notes-84332/services/firebaseapphosting.googleapis.com [omitted]
[debug] [2026-09-27T11:57:19.044Z] <<< [apiv2][status] GET https://serviceusage.googleapis.com/v1/projects/sppu-notes-84332/services/firebasecrashlytics.googleapis.com 200
[debug] [2026-09-27T11:57:19.044Z] <<< [apiv2][body] GET https://serviceusage.googleapis.com/v1/projects/sppu-notes-84332/services/firebasecrashlytics.googleapis.com [omitted]
[debug] [2026-09-27T11:57:19.062Z] <<< [apiv2][status] GET https://serviceusage.googleapis.com/v1/projects/sppu-notes-84332/services/firebasecrashlytics.googleapis.com 200
[debug] [2026-09-27T11:57:19.062Z] <<< [apiv2][body] GET https://serviceusage.googleapis.com/v1/projects/sppu-notes-84332/services/firebasecrashlytics.googleapis.com [omitted]
[debug] [2026-09-27T11:57:19.069Z] <<< [apiv2][status] GET https://serviceusage.googleapis.com/v1/projects/sppu-notes-84332/services/firebaseio.com 403
[debug] [2026-09-27T11:57:19.069Z] <<< [apiv2][body] GET https://serviceusage.googleapis.com/v1/projects/sppu-notes-84332/services/firebaseio.com [omitted]
[debug] [2026-09-27T11:57:19.074Z] <<< [apiv2][status] GET https://serviceusage.googleapis.com/v1/projects/sppu-notes-84332/services/firebaseapphosting.googleapis.com 200
[debug] [2026-09-27T11:57:19.074Z] <<< [apiv2][body] GET https://serviceusage.googleapis.com/v1/projects/sppu-notes-84332/services/firebaseapphosting.googleapis.com [omitted]
[debug] [2026-09-27T11:57:19.077Z] <<< [apiv2][status] GET https://serviceusage.googleapis.com/v1/projects/sppu-notes-84332/services/firebasedataconnect.googleapis.com 200
[debug] [2026-09-27T11:57:19.077Z] <<< [apiv2][body] GET https://serviceusage.googleapis.com/v1/projects/sppu-notes-84332/services/firebasedataconnect.googleapis.com [omitted]
[debug] [2026-09-27T11:57:19.082Z] <<< [apiv2][status] GET https://serviceusage.googleapis.com/v1/projects/sppu-notes-84332/services/firebaseapphosting.googleapis.com 200
[debug] [2026-09-27T11:57:19.083Z] <<< [apiv2][body] GET https://serviceusage.googleapis.com/v1/projects/sppu-notes-84332/services/firebaseapphosting.googleapis.com [omitted]
[debug] [2026-09-27T11:57:19.173Z] <<< [apiv2][status] GET https://serviceusage.googleapis.com/v1/projects/sppu-notes-84332/services/firebaseio.com 403
[debug] [2026-09-27T11:57:19.309Z] <<< [apiv2][status] GET https://serviceusage.googleapis.com/v1/projects/sppu-notes-84332/services/ 200
[debug] [2026-09-27T11:57:19.309Z] <<< [apiv2][body] GET https://serviceusage.googleapis.com/v1/projects/sppu-notes-84332/services/ [omitted]
[debug] [2026-09-27T11:57:19.174Z] <<< [apiv2][body] GET https://serviceusage.googleapis.com/v1/projects/sppu-notes-84332/services/firebaseio.com [omitted]
[debug] [2026-09-27T11:57:19.371Z] <<< [apiv2][status] GET https://serviceusage.googleapis.com/v1/projects/sppu-notes-84332/services/firebasedataconnect.googleapis.com 200
[debug] [2026-09-27T11:57:19.372Z] <<< [apiv2][body] GET https://serviceusage.googleapis.com/v1/projects/sppu-notes-84332/services/firebasedataconnect.googleapis.com [omitted]
[debug] [2026-09-27T11:57:19.372Z] <<< [apiv2][status] GET https://serviceusage.googleapis.com/v1/projects/sppu-notes-84332/services/firebaseapphosting.googleapis.com 200
[debug] [2026-09-27T11:57:19.372Z] <<< [apiv2][body] GET https://serviceusage.googleapis.com/v1/projects/sppu-notes-84332/services/firebaseapphosting.googleapis.com [omitted]
[debug] [2026-09-27T11:57:19.373Z] <<< [apiv2][status] GET https://serviceusage.googleapis.com/v1/projects/sppu-notes-84332/services/firebasecrashlytics.googleapis.com 200
[debug] [2026-09-27T11:57:19.373Z] <<< [apiv2][body] GET https://serviceusage.googleapis.com/v1/projects/sppu-notes-84332/services/firebasecrashlytics.googleapis.com [omitted]
[debug] [2026-09-27T11:57:19.377Z] <<< [apiv2][status] GET https://serviceusage.googleapis.com/v1/projects/sppu-notes-84332/services/ 200
[debug] [2026-09-27T11:57:19.377Z] <<< [apiv2][body] GET https://serviceusage.googleapis.com/v1/projects/sppu-notes-84332/services/ [omitted]
[debug] [2026-09-27T11:57:19.414Z] <<< [apiv2][status] GET https://serviceusage.googleapis.com/v1/projects/sppu-notes-84332/services/firebaseio.com 403
[debug] [2026-09-27T11:57:19.430Z] <<< [apiv2][status] GET https://serviceusage.googleapis.com/v1/projects/sppu-notes-84332/services/ 200
[debug] [2026-09-27T11:57:19.430Z] <<< [apiv2][body] GET https://serviceusage.googleapis.com/v1/projects/sppu-notes-84332/services/ [omitted]
[debug] [2026-09-27T11:57:19.415Z] <<< [apiv2][body] GET https://serviceusage.googleapis.com/v1/projects/sppu-notes-84332/services/firebaseio.com [omitted]
[debug] [2026-09-27T11:57:19.442Z] <<< [apiv2][status] GET https://serviceusage.googleapis.com/v1/projects/sppu-notes-84332/services/firebasecrashlytics.googleapis.com 200
[debug] [2026-09-27T11:57:19.443Z] <<< [apiv2][body] GET https://serviceusage.googleapis.com/v1/projects/sppu-notes-84332/services/firebasecrashlytics.googleapis.com [omitted]
[debug] [2026-09-27T11:57:18.501Z] Checked if tokens are valid: true, expires at: 1790513819968
[debug] [2026-09-27T11:57:18.594Z] Checked if tokens are valid: true, expires at: 1790513819968
[debug] [2026-09-27T11:57:18.603Z] Checked if tokens are valid: true, expires at: 1790513819968
[debug] [2026-09-27T11:57:18.608Z] Checked if tokens are valid: true, expires at: 1790513819968
[debug] [2026-09-27T11:57:18.628Z] Checked if tokens are valid: true, expires at: 1790513819968
[debug] [2026-09-27T11:57:18.628Z] Checked if tokens are valid: true, expires at: 1790513819968
[debug] [2026-09-27T11:57:18.636Z] Checked if tokens are valid: true, expires at: 1790513819968
[debug] [2026-09-27T11:57:18.636Z] Checked if tokens are valid: true, expires at: 1790513819968
[debug] [2026-09-27T11:57:18.638Z] Checked if tokens are valid: true, expires at: 1790513819968
[debug] [2026-09-27T11:57:18.638Z] Checked if tokens are valid: true, expires at: 1790513819968
[debug] [2026-09-27T11:57:18.649Z] >>> [apiv2][query] GET https://serviceusage.googleapis.com/v1/projects/sppu-notes-84332/services/ [none]
[debug] [2026-09-27T11:57:18.650Z] >>> [apiv2][(partial)header] GET https://serviceusage.googleapis.com/v1/projects/sppu-notes-84332/services/ x-goog-quota-user=projects/sppu-notes-84332
[debug] [2026-09-27T11:57:19.358Z] >>> [apiv2][query] GET https://serviceusage.googleapis.com/v1/projects/sppu-notes-84332/services/firebasedataconnect.googleapis.com [none]
[debug] [2026-09-27T11:57:19.358Z] >>> [apiv2][(partial)header] GET https://serviceusage.googleapis.com/v1/projects/sppu-notes-84332/services/firebasedataconnect.googleapis.com x-goog-quota-user=projects/sppu-notes-84332
[debug] [2026-09-27T11:57:19.365Z] >>> [apiv2][query] GET https://serviceusage.googleapis.com/v1/projects/sppu-notes-84332/services/firebasecrashlytics.googleapis.com [none]
[debug] [2026-09-27T11:57:19.366Z] >>> [apiv2][(partial)header] GET https://serviceusage.googleapis.com/v1/projects/sppu-notes-84332/services/firebasecrashlytics.googleapis.com x-goog-quota-user=projects/sppu-notes-84332
[debug] [2026-09-27T11:57:19.367Z] >>> [apiv2][query] GET https://serviceusage.googleapis.com/v1/projects/sppu-notes-84332/services/firebaseapphosting.googleapis.com [none]
[debug] [2026-09-27T11:57:19.368Z] >>> [apiv2][(partial)header] GET https://serviceusage.googleapis.com/v1/projects/sppu-notes-84332/services/firebaseapphosting.googleapis.com x-goog-quota-user=projects/sppu-notes-84332
[debug] [2026-09-27T11:57:19.369Z] >>> [apiv2][query] GET https://serviceusage.googleapis.com/v1/projects/sppu-notes-84332/services/firebaseio.com [none]
[debug] [2026-09-27T11:57:19.369Z] >>> [apiv2][(partial)header] GET https://serviceusage.googleapis.com/v1/projects/sppu-notes-84332/services/firebaseio.com x-goog-quota-user=projects/sppu-notes-84332
[debug] [2026-09-27T11:57:19.518Z] <<< [apiv2][status] GET https://serviceusage.googleapis.com/v1/projects/sppu-notes-84332/services/firebaseapphosting.googleapis.com 200
[debug] [2026-09-27T11:57:19.519Z] <<< [apiv2][body] GET https://serviceusage.googleapis.com/v1/projects/sppu-notes-84332/services/firebaseapphosting.googleapis.com [omitted]
[debug] [2026-09-27T11:57:19.526Z] <<< [apiv2][status] GET https://serviceusage.googleapis.com/v1/projects/sppu-notes-84332/services/firebasedataconnect.googleapis.com 200
[debug] [2026-09-27T11:57:19.526Z] <<< [apiv2][status] GET https://serviceusage.googleapis.com/v1/projects/sppu-notes-84332/services/firebasedataconnect.googleapis.com 200
[debug] [2026-09-27T11:57:19.526Z] <<< [apiv2][body] GET https://serviceusage.googleapis.com/v1/projects/sppu-notes-84332/services/firebasedataconnect.googleapis.com [omitted]
[debug] [2026-09-27T11:57:19.526Z] <<< [apiv2][body] GET https://serviceusage.googleapis.com/v1/projects/sppu-notes-84332/services/firebasedataconnect.googleapis.com [omitted]
[debug] [2026-09-27T11:57:19.557Z] <<< [apiv2][status] GET https://serviceusage.googleapis.com/v1/projects/sppu-notes-84332/services/ 200
[debug] [2026-09-27T11:57:19.557Z] <<< [apiv2][body] GET https://serviceusage.googleapis.com/v1/projects/sppu-notes-84332/services/ [omitted]
[debug] [2026-09-27T11:57:19.769Z] <<< [apiv2][status] GET https://serviceusage.googleapis.com/v1/projects/sppu-notes-84332/services/ 200
[debug] [2026-09-27T11:57:19.770Z] <<< [apiv2][body] GET https://serviceusage.googleapis.com/v1/projects/sppu-notes-84332/services/ [omitted]
[debug] [2026-09-27T11:57:16.500Z] Checked if tokens are valid: true, expires at: 1790513819968
[debug] [2026-09-27T11:57:16.818Z] Checked if tokens are valid: true, expires at: 1790513819968
[debug] [2026-09-27T11:57:16.839Z] Checked if tokens are valid: true, expires at: 1790513819968
[debug] [2026-09-27T11:57:16.842Z] Checked if tokens are valid: true, expires at: 1790513819968
[debug] [2026-09-27T11:57:16.858Z] Checked if tokens are valid: true, expires at: 1790513819968
[debug] [2026-09-27T11:57:16.860Z] Checked if tokens are valid: true, expires at: 1790513819968
[debug] [2026-09-27T11:57:16.868Z] Checked if tokens are valid: true, expires at: 1790513819968
[debug] [2026-09-27T11:57:16.868Z] Checked if tokens are valid: true, expires at: 1790513819968
[debug] [2026-09-27T11:57:16.872Z] Checked if tokens are valid: true, expires at: 1790513819968
[debug] [2026-09-27T11:57:16.873Z] Checked if tokens are valid: true, expires at: 1790513819968
[debug] [2026-09-27T11:57:16.921Z] >>> [apiv2][query] GET https://serviceusage.googleapis.com/v1/projects/sppu-notes-84332/services/ [none]
[debug] [2026-09-27T11:57:16.921Z] >>> [apiv2][(partial)header] GET https://serviceusage.googleapis.com/v1/projects/sppu-notes-84332/services/ x-goog-quota-user=projects/sppu-notes-84332
[debug] [2026-09-27T11:57:19.080Z] >>> [apiv2][query] GET https://serviceusage.googleapis.com/v1/projects/sppu-notes-84332/services/firebasedataconnect.googleapis.com [none]
[debug] [2026-09-27T11:57:19.080Z] >>> [apiv2][(partial)header] GET https://serviceusage.googleapis.com/v1/projects/sppu-notes-84332/services/firebasedataconnect.googleapis.com x-goog-quota-user=projects/sppu-notes-84332
[debug] [2026-09-27T11:57:19.083Z] >>> [apiv2][query] GET https://serviceusage.googleapis.com/v1/projects/sppu-notes-84332/services/firebasecrashlytics.googleapis.com [none]
[debug] [2026-09-27T11:57:19.083Z] >>> [apiv2][(partial)header] GET https://serviceusage.googleapis.com/v1/projects/sppu-notes-84332/services/firebasecrashlytics.googleapis.com x-goog-quota-user=projects/sppu-notes-84332
[debug] [2026-09-27T11:57:19.088Z] >>> [apiv2][query] GET https://serviceusage.googleapis.com/v1/projects/sppu-notes-84332/services/firebaseapphosting.googleapis.com [none]
[debug] [2026-09-27T11:57:19.088Z] >>> [apiv2][(partial)header] GET https://serviceusage.googleapis.com/v1/projects/sppu-notes-84332/services/firebaseapphosting.googleapis.com x-goog-quota-user=projects/sppu-notes-84332
[debug] [2026-09-27T11:57:19.091Z] >>> [apiv2][query] GET https://serviceusage.googleapis.com/v1/projects/sppu-notes-84332/services/firebaseio.com [none]
[debug] [2026-09-27T11:57:19.092Z] >>> [apiv2][(partial)header] GET https://serviceusage.googleapis.com/v1/projects/sppu-notes-84332/services/firebaseio.com x-goog-quota-user=projects/sppu-notes-84332
[debug] [2026-09-27T11:57:18.037Z] Checked if tokens are valid: true, expires at: 1790513819968
[debug] [2026-09-27T11:57:18.110Z] Checked if tokens are valid: true, expires at: 1790513819968
[debug] [2026-09-27T11:57:18.142Z] Checked if tokens are valid: true, expires at: 1790513819968
[debug] [2026-09-27T11:57:18.143Z] Checked if tokens are valid: true, expires at: 1790513819968
[debug] [2026-09-27T11:57:18.153Z] Checked if tokens are valid: true, expires at: 1790513819968
[debug] [2026-09-27T11:57:18.154Z] Checked if tokens are valid: true, expires at: 1790513819968
[debug] [2026-09-27T11:57:18.261Z] Checked if tokens are valid: true, expires at: 1790513819968
[debug] [2026-09-27T11:57:18.262Z] Checked if tokens are valid: true, expires at: 1790513819968
[debug] [2026-09-27T11:57:18.438Z] Checked if tokens are valid: true, expires at: 1790513819968
[debug] [2026-09-27T11:57:18.439Z] Checked if tokens are valid: true, expires at: 1790513819968
[debug] [2026-09-27T11:57:18.449Z] >>> [apiv2][query] GET https://serviceusage.googleapis.com/v1/projects/sppu-notes-84332/services/ [none]
[debug] [2026-09-27T11:57:18.450Z] >>> [apiv2][(partial)header] GET https://serviceusage.googleapis.com/v1/projects/sppu-notes-84332/services/ x-goog-quota-user=projects/sppu-notes-84332
[debug] [2026-09-27T11:57:19.472Z] >>> [apiv2][query] GET https://serviceusage.googleapis.com/v1/projects/sppu-notes-84332/services/firebasedataconnect.googleapis.com [none]
[debug] [2026-09-27T11:57:19.473Z] >>> [apiv2][(partial)header] GET https://serviceusage.googleapis.com/v1/projects/sppu-notes-84332/services/firebasedataconnect.googleapis.com x-goog-quota-user=projects/sppu-notes-84332
[debug] [2026-09-27T11:57:19.475Z] >>> [apiv2][query] GET https://serviceusage.googleapis.com/v1/projects/sppu-notes-84332/services/firebasecrashlytics.googleapis.com [none]
[debug] [2026-09-27T11:57:19.476Z] >>> [apiv2][(partial)header] GET https://serviceusage.googleapis.com/v1/projects/sppu-notes-84332/services/firebasecrashlytics.googleapis.com x-goog-quota-user=projects/sppu-notes-84332
[debug] [2026-09-27T11:57:19.480Z] >>> [apiv2][query] GET https://serviceusage.googleapis.com/v1/projects/sppu-notes-84332/services/firebaseapphosting.googleapis.com [none]
[debug] [2026-09-27T11:57:19.480Z] >>> [apiv2][(partial)header] GET https://serviceusage.googleapis.com/v1/projects/sppu-notes-84332/services/firebaseapphosting.googleapis.com x-goog-quota-user=projects/sppu-notes-84332
[debug] [2026-09-27T11:57:19.482Z] >>> [apiv2][query] GET https://serviceusage.googleapis.com/v1/projects/sppu-notes-84332/services/firebaseio.com [none]
[debug] [2026-09-27T11:57:19.482Z] >>> [apiv2][(partial)header] GET https://serviceusage.googleapis.com/v1/projects/sppu-notes-84332/services/firebaseio.com x-goog-quota-user=projects/sppu-notes-84332
[debug] [2026-09-27T11:57:19.831Z] <<< [apiv2][status] GET https://serviceusage.googleapis.com/v1/projects/sppu-notes-84332/services/ 200
[debug] [2026-09-27T11:57:19.832Z] <<< [apiv2][body] GET https://serviceusage.googleapis.com/v1/projects/sppu-notes-84332/services/ [omitted]
[debug] [2026-09-27T11:57:18.752Z] Checked if tokens are valid: true, expires at: 1790513819968
[debug] [2026-09-27T11:57:18.803Z] Checked if tokens are valid: true, expires at: 1790513819968
[debug] [2026-09-27T11:57:18.807Z] Checked if tokens are valid: true, expires at: 1790513819968
[debug] [2026-09-27T11:57:18.808Z] Checked if tokens are valid: true, expires at: 1790513819968
[debug] [2026-09-27T11:57:18.819Z] Checked if tokens are valid: true, expires at: 1790513819968
[debug] [2026-09-27T11:57:18.821Z] Checked if tokens are valid: true, expires at: 1790513819968
[debug] [2026-09-27T11:57:18.824Z] Checked if tokens are valid: true, expires at: 1790513819968
[debug] [2026-09-27T11:57:18.824Z] Checked if tokens are valid: true, expires at: 1790513819968
[debug] [2026-09-27T11:57:18.829Z] Checked if tokens are valid: true, expires at: 1790513819968
[debug] [2026-09-27T11:57:18.830Z] Checked if tokens are valid: true, expires at: 1790513819968
[debug] [2026-09-27T11:57:18.843Z] >>> [apiv2][query] GET https://serviceusage.googleapis.com/v1/projects/sppu-notes-84332/services/ [none]
[debug] [2026-09-27T11:57:18.843Z] >>> [apiv2][(partial)header] GET https://serviceusage.googleapis.com/v1/projects/sppu-notes-84332/services/ x-goog-quota-user=projects/sppu-notes-84332
[debug] [2026-09-27T11:57:19.474Z] >>> [apiv2][query] GET https://serviceusage.googleapis.com/v1/projects/sppu-notes-84332/services/firebasedataconnect.googleapis.com [none]
[debug] [2026-09-27T11:57:19.474Z] >>> [apiv2][(partial)header] GET https://serviceusage.googleapis.com/v1/projects/sppu-notes-84332/services/firebasedataconnect.googleapis.com x-goog-quota-user=projects/sppu-notes-84332
[debug] [2026-09-27T11:57:19.477Z] >>> [apiv2][query] GET https://serviceusage.googleapis.com/v1/projects/sppu-notes-84332/services/firebasecrashlytics.googleapis.com [none]
[debug] [2026-09-27T11:57:19.477Z] >>> [apiv2][(partial)header] GET https://serviceusage.googleapis.com/v1/projects/sppu-notes-84332/services/firebasecrashlytics.googleapis.com x-goog-quota-user=projects/sppu-notes-84332
[debug] [2026-09-27T11:57:19.478Z] >>> [apiv2][query] GET https://serviceusage.googleapis.com/v1/projects/sppu-notes-84332/services/firebaseapphosting.googleapis.com [none]
[debug] [2026-09-27T11:57:19.479Z] >>> [apiv2][(partial)header] GET https://serviceusage.googleapis.com/v1/projects/sppu-notes-84332/services/firebaseapphosting.googleapis.com x-goog-quota-user=projects/sppu-notes-84332
[debug] [2026-09-27T11:57:19.481Z] >>> [apiv2][query] GET https://serviceusage.googleapis.com/v1/projects/sppu-notes-84332/services/firebaseio.com [none]
[debug] [2026-09-27T11:57:19.481Z] >>> [apiv2][(partial)header] GET https://serviceusage.googleapis.com/v1/projects/sppu-notes-84332/services/firebaseio.com x-goog-quota-user=projects/sppu-notes-84332
[debug] [2026-09-27T11:57:19.945Z] <<< [apiv2][status] GET https://serviceusage.googleapis.com/v1/projects/sppu-notes-84332/services/firebasecrashlytics.googleapis.com 200
[debug] [2026-09-27T11:57:19.945Z] <<< [apiv2][body] GET https://serviceusage.googleapis.com/v1/projects/sppu-notes-84332/services/firebasecrashlytics.googleapis.com [omitted]
[debug] [2026-09-27T11:57:19.947Z] <<< [apiv2][status] GET https://serviceusage.googleapis.com/v1/projects/sppu-notes-84332/services/firebaseio.com 403
[debug] [2026-09-27T11:57:19.948Z] <<< [apiv2][body] GET https://serviceusage.googleapis.com/v1/projects/sppu-notes-84332/services/firebaseio.com [omitted]
[debug] [2026-09-27T11:57:18.611Z] Checked if tokens are valid: true, expires at: 1790513819968
[debug] [2026-09-27T11:57:20.065Z] <<< [apiv2][status] GET https://serviceusage.googleapis.com/v1/projects/sppu-notes-84332/services/firebasedataconnect.googleapis.com 200
[debug] [2026-09-27T11:57:20.065Z] <<< [apiv2][body] GET https://serviceusage.googleapis.com/v1/projects/sppu-notes-84332/services/firebasedataconnect.googleapis.com [omitted]
[debug] [2026-09-27T11:57:20.068Z] <<< [apiv2][status] GET https://serviceusage.googleapis.com/v1/projects/sppu-notes-84332/services/firebaseapphosting.googleapis.com 200
[debug] [2026-09-27T11:57:20.068Z] <<< [apiv2][body] GET https://serviceusage.googleapis.com/v1/projects/sppu-notes-84332/services/firebaseapphosting.googleapis.com [omitted]
[debug] [2026-09-27T11:57:18.885Z] Checked if tokens are valid: true, expires at: 1790513819968
[debug] [2026-09-27T11:57:18.675Z] Checked if tokens are valid: true, expires at: 1790513819968
[debug] [2026-09-27T11:57:18.688Z] Checked if tokens are valid: true, expires at: 1790513819968
[debug] [2026-09-27T11:57:18.689Z] Checked if tokens are valid: true, expires at: 1790513819968
[debug] [2026-09-27T11:57:18.713Z] Checked if tokens are valid: true, expires at: 1790513819968
[debug] [2026-09-27T11:57:18.717Z] Checked if tokens are valid: true, expires at: 1790513819968
[debug] [2026-09-27T11:57:18.731Z] Checked if tokens are valid: true, expires at: 1790513819968
[debug] [2026-09-27T11:57:18.731Z] Checked if tokens are valid: true, expires at: 1790513819968
[debug] [2026-09-27T11:57:18.733Z] Checked if tokens are valid: true, expires at: 1790513819968
[debug] [2026-09-27T11:57:18.733Z] Checked if tokens are valid: true, expires at: 1790513819968
[debug] [2026-09-27T11:57:18.756Z] >>> [apiv2][query] GET https://serviceusage.googleapis.com/v1/projects/sppu-notes-84332/services/ [none]
[debug] [2026-09-27T11:57:18.762Z] >>> [apiv2][(partial)header] GET https://serviceusage.googleapis.com/v1/projects/sppu-notes-84332/services/ x-goog-quota-user=projects/sppu-notes-84332
[debug] [2026-09-27T11:57:19.526Z] >>> [apiv2][query] GET https://serviceusage.googleapis.com/v1/projects/sppu-notes-84332/services/firebasedataconnect.googleapis.com [none]
[debug] [2026-09-27T11:57:19.526Z] >>> [apiv2][(partial)header] GET https://serviceusage.googleapis.com/v1/projects/sppu-notes-84332/services/firebasedataconnect.googleapis.com x-goog-quota-user=projects/sppu-notes-84332
[debug] [2026-09-27T11:57:19.531Z] >>> [apiv2][query] GET https://serviceusage.googleapis.com/v1/projects/sppu-notes-84332/services/firebasecrashlytics.googleapis.com [none]
[debug] [2026-09-27T11:57:19.531Z] >>> [apiv2][(partial)header] GET https://serviceusage.googleapis.com/v1/projects/sppu-notes-84332/services/firebasecrashlytics.googleapis.com x-goog-quota-user=projects/sppu-notes-84332
[debug] [2026-09-27T11:57:19.533Z] >>> [apiv2][query] GET https://serviceusage.googleapis.com/v1/projects/sppu-notes-84332/services/firebaseapphosting.googleapis.com [none]
[debug] [2026-09-27T11:57:19.533Z] >>> [apiv2][(partial)header] GET https://serviceusage.googleapis.com/v1/projects/sppu-notes-84332/services/firebaseapphosting.googleapis.com x-goog-quota-user=projects/sppu-notes-84332
[debug] [2026-09-27T11:57:19.535Z] >>> [apiv2][query] GET https://serviceusage.googleapis.com/v1/projects/sppu-notes-84332/services/firebaseio.com [none]
[debug] [2026-09-27T11:57:19.535Z] >>> [apiv2][(partial)header] GET https://serviceusage.googleapis.com/v1/projects/sppu-notes-84332/services/firebaseio.com x-goog-quota-user=projects/sppu-notes-84332
[debug] [2026-09-27T11:57:18.929Z] Checked if tokens are valid: true, expires at: 1790513819968
[debug] [2026-09-27T11:57:18.935Z] Checked if tokens are valid: true, expires at: 1790513819968
[debug] [2026-09-27T11:57:18.936Z] Checked if tokens are valid: true, expires at: 1790513819968
[debug] [2026-09-27T11:57:18.948Z] Checked if tokens are valid: true, expires at: 1790513819968
[debug] [2026-09-27T11:57:18.949Z] Checked if tokens are valid: true, expires at: 1790513819968
[debug] [2026-09-27T11:57:18.951Z] Checked if tokens are valid: true, expires at: 1790513819968
[debug] [2026-09-27T11:57:18.951Z] Checked if tokens are valid: true, expires at: 1790513819968
[debug] [2026-09-27T11:57:18.954Z] Checked if tokens are valid: true, expires at: 1790513819968
[debug] [2026-09-27T11:57:18.956Z] Checked if tokens are valid: true, expires at: 1790513819968
[debug] [2026-09-27T11:57:18.973Z] >>> [apiv2][query] GET https://serviceusage.googleapis.com/v1/projects/sppu-notes-84332/services/ [none]
[debug] [2026-09-27T11:57:18.974Z] >>> [apiv2][(partial)header] GET https://serviceusage.googleapis.com/v1/projects/sppu-notes-84332/services/ x-goog-quota-user=projects/sppu-notes-84332
[debug] [2026-09-27T11:57:19.773Z] >>> [apiv2][query] GET https://serviceusage.googleapis.com/v1/projects/sppu-notes-84332/services/firebasedataconnect.googleapis.com [none]
[debug] [2026-09-27T11:57:19.773Z] >>> [apiv2][(partial)header] GET https://serviceusage.googleapis.com/v1/projects/sppu-notes-84332/services/firebasedataconnect.googleapis.com x-goog-quota-user=projects/sppu-notes-84332
[debug] [2026-09-27T11:57:19.776Z] >>> [apiv2][query] GET https://serviceusage.googleapis.com/v1/projects/sppu-notes-84332/services/firebasecrashlytics.googleapis.com [none]
[debug] [2026-09-27T11:57:19.776Z] >>> [apiv2][(partial)header] GET https://serviceusage.googleapis.com/v1/projects/sppu-notes-84332/services/firebasecrashlytics.googleapis.com x-goog-quota-user=projects/sppu-notes-84332
[debug] [2026-09-27T11:57:19.778Z] >>> [apiv2][query] GET https://serviceusage.googleapis.com/v1/projects/sppu-notes-84332/services/firebaseapphosting.googleapis.com [none]
[debug] [2026-09-27T11:57:19.778Z] >>> [apiv2][(partial)header] GET https://serviceusage.googleapis.com/v1/projects/sppu-notes-84332/services/firebaseapphosting.googleapis.com x-goog-quota-user=projects/sppu-notes-84332
[debug] [2026-09-27T11:57:19.781Z] >>> [apiv2][query] GET https://serviceusage.googleapis.com/v1/projects/sppu-notes-84332/services/firebaseio.com [none]
[debug] [2026-09-27T11:57:19.781Z] >>> [apiv2][(partial)header] GET https://serviceusage.googleapis.com/v1/projects/sppu-notes-84332/services/firebaseio.com x-goog-quota-user=projects/sppu-notes-84332
[debug] [2026-09-27T11:57:20.254Z] <<< [apiv2][status] GET https://serviceusage.googleapis.com/v1/projects/sppu-notes-84332/services/firebaseio.com 403
[debug] [2026-09-27T11:57:20.254Z] <<< [apiv2][body] GET https://serviceusage.googleapis.com/v1/projects/sppu-notes-84332/services/firebaseio.com [omitted]
[debug] [2026-09-27T11:57:19.286Z] Checked if tokens are valid: true, expires at: 1790513819968
[debug] [2026-09-27T11:57:19.675Z] Checked if tokens are valid: true, expires at: 1790513819968
[debug] [2026-09-27T11:57:19.685Z] Checked if tokens are valid: true, expires at: 1790513819968
[debug] [2026-09-27T11:57:19.685Z] Checked if tokens are valid: true, expires at: 1790513819968
[debug] [2026-09-27T11:57:19.697Z] Checked if tokens are valid: true, expires at: 1790513819968
[debug] [2026-09-27T11:57:19.698Z] Checked if tokens are valid: true, expires at: 1790513819968
[debug] [2026-09-27T11:57:19.700Z] Checked if tokens are valid: true, expires at: 1790513819968
[debug] [2026-09-27T11:57:19.709Z] Checked if tokens are valid: true, expires at: 1790513819968
[debug] [2026-09-27T11:57:19.713Z] Checked if tokens are valid: true, expires at: 1790513819968
[debug] [2026-09-27T11:57:19.713Z] Checked if tokens are valid: true, expires at: 1790513819968
[debug] [2026-09-27T11:57:19.722Z] >>> [apiv2][query] GET https://serviceusage.googleapis.com/v1/projects/sppu-notes-84332/services/ [none]
[debug] [2026-09-27T11:57:19.723Z] >>> [apiv2][(partial)header] GET https://serviceusage.googleapis.com/v1/projects/sppu-notes-84332/services/ x-goog-quota-user=projects/sppu-notes-84332
[debug] [2026-09-27T11:57:20.060Z] >>> [apiv2][query] GET https://serviceusage.googleapis.com/v1/projects/sppu-notes-84332/services/firebasedataconnect.googleapis.com [none]
[debug] [2026-09-27T11:57:20.060Z] >>> [apiv2][(partial)header] GET https://serviceusage.googleapis.com/v1/projects/sppu-notes-84332/services/firebasedataconnect.googleapis.com x-goog-quota-user=projects/sppu-notes-84332
[debug] [2026-09-27T11:57:20.063Z] >>> [apiv2][query] GET https://serviceusage.googleapis.com/v1/projects/sppu-notes-84332/services/firebasecrashlytics.googleapis.com [none]
[debug] [2026-09-27T11:57:20.063Z] >>> [apiv2][(partial)header] GET https://serviceusage.googleapis.com/v1/projects/sppu-notes-84332/services/firebasecrashlytics.googleapis.com x-goog-quota-user=projects/sppu-notes-84332
[debug] [2026-09-27T11:57:20.065Z] >>> [apiv2][query] GET https://serviceusage.googleapis.com/v1/projects/sppu-notes-84332/services/firebaseapphosting.googleapis.com [none]
[debug] [2026-09-27T11:57:20.065Z] >>> [apiv2][(partial)header] GET https://serviceusage.googleapis.com/v1/projects/sppu-notes-84332/services/firebaseapphosting.googleapis.com x-goog-quota-user=projects/sppu-notes-84332
[debug] [2026-09-27T11:57:20.068Z] >>> [apiv2][query] GET https://serviceusage.googleapis.com/v1/projects/sppu-notes-84332/services/firebaseio.com [none]
[debug] [2026-09-27T11:57:20.068Z] >>> [apiv2][(partial)header] GET https://serviceusage.googleapis.com/v1/projects/sppu-notes-84332/services/firebaseio.com x-goog-quota-user=projects/sppu-notes-84332
[debug] [2026-09-27T11:57:20.286Z] <<< [apiv2][status] GET https://serviceusage.googleapis.com/v1/projects/sppu-notes-84332/services/firebasedataconnect.googleapis.com 200
[debug] [2026-09-27T11:57:20.287Z] <<< [apiv2][body] GET https://serviceusage.googleapis.com/v1/projects/sppu-notes-84332/services/firebasedataconnect.googleapis.com [omitted]
[debug] [2026-09-27T11:57:20.297Z] <<< [apiv2][status] GET https://serviceusage.googleapis.com/v1/projects/sppu-notes-84332/services/firebaseio.com 403
[debug] [2026-09-27T11:57:20.298Z] <<< [apiv2][body] GET https://serviceusage.googleapis.com/v1/projects/sppu-notes-84332/services/firebaseio.com [omitted]
[debug] [2026-09-27T11:57:20.307Z] <<< [apiv2][status] GET https://serviceusage.googleapis.com/v1/projects/sppu-notes-84332/services/firebaseapphosting.googleapis.com 200
[debug] [2026-09-27T11:57:20.307Z] <<< [apiv2][body] GET https://serviceusage.googleapis.com/v1/projects/sppu-notes-84332/services/firebaseapphosting.googleapis.com [omitted]
[debug] [2026-09-27T11:57:20.312Z] <<< [apiv2][status] GET https://serviceusage.googleapis.com/v1/projects/sppu-notes-84332/services/firebasecrashlytics.googleapis.com 200
[debug] [2026-09-27T11:57:20.312Z] <<< [apiv2][body] GET https://serviceusage.googleapis.com/v1/projects/sppu-notes-84332/services/firebasecrashlytics.googleapis.com [omitted]
[debug] [2026-09-27T11:57:20.312Z] <<< [apiv2][status] GET https://serviceusage.googleapis.com/v1/projects/sppu-notes-84332/services/firebasedataconnect.googleapis.com 200
[debug] [2026-09-27T11:57:20.313Z] <<< [apiv2][body] GET https://serviceusage.googleapis.com/v1/projects/sppu-notes-84332/services/firebasedataconnect.googleapis.com [omitted]
[debug] [2026-09-27T11:57:20.305Z] <<< [apiv2][status] GET https://serviceusage.googleapis.com/v1/projects/sppu-notes-84332/services/firebasecrashlytics.googleapis.com 200
[debug] [2026-09-27T11:57:20.306Z] <<< [apiv2][body] GET https://serviceusage.googleapis.com/v1/projects/sppu-notes-84332/services/firebasecrashlytics.googleapis.com [omitted]
[debug] [2026-09-27T11:57:18.325Z] Checked if tokens are valid: true, expires at: 1790513819968
[debug] [2026-09-27T11:57:18.416Z] Checked if tokens are valid: true, expires at: 1790513819968
[debug] [2026-09-27T11:57:18.437Z] Checked if tokens are valid: true, expires at: 1790513819968
[debug] [2026-09-27T11:57:18.443Z] Checked if tokens are valid: true, expires at: 1790513819968
[debug] [2026-09-27T11:57:18.568Z] Checked if tokens are valid: true, expires at: 1790513819968
[debug] [2026-09-27T11:57:18.571Z] Checked if tokens are valid: true, expires at: 1790513819968
[debug] [2026-09-27T11:57:18.575Z] Checked if tokens are valid: true, expires at: 1790513819968
[debug] [2026-09-27T11:57:18.575Z] Checked if tokens are valid: true, expires at: 1790513819968
[debug] [2026-09-27T11:57:18.576Z] Checked if tokens are valid: true, expires at: 1790513819968
[debug] [2026-09-27T11:57:18.576Z] Checked if tokens are valid: true, expires at: 1790513819968
[debug] [2026-09-27T11:57:18.615Z] >>> [apiv2][query] GET https://serviceusage.googleapis.com/v1/projects/sppu-notes-84332/services/ [none]
[debug] [2026-09-27T11:57:18.615Z] >>> [apiv2][(partial)header] GET https://serviceusage.googleapis.com/v1/projects/sppu-notes-84332/services/ x-goog-quota-user=projects/sppu-notes-84332
[debug] [2026-09-27T11:57:19.804Z] >>> [apiv2][query] GET https://serviceusage.googleapis.com/v1/projects/sppu-notes-84332/services/firebasedataconnect.googleapis.com [none]
[debug] [2026-09-27T11:57:19.807Z] >>> [apiv2][(partial)header] GET https://serviceusage.googleapis.com/v1/projects/sppu-notes-84332/services/firebasedataconnect.googleapis.com x-goog-quota-user=projects/sppu-notes-84332
[debug] [2026-09-27T11:57:19.817Z] >>> [apiv2][query] GET https://serviceusage.googleapis.com/v1/projects/sppu-notes-84332/services/firebasecrashlytics.googleapis.com [none]
[debug] [2026-09-27T11:57:19.817Z] >>> [apiv2][(partial)header] GET https://serviceusage.googleapis.com/v1/projects/sppu-notes-84332/services/firebasecrashlytics.googleapis.com x-goog-quota-user=projects/sppu-notes-84332
[debug] [2026-09-27T11:57:19.819Z] >>> [apiv2][query] GET https://serviceusage.googleapis.com/v1/projects/sppu-notes-84332/services/firebaseapphosting.googleapis.com [none]
[debug] [2026-09-27T11:57:19.820Z] >>> [apiv2][(partial)header] GET https://serviceusage.googleapis.com/v1/projects/sppu-notes-84332/services/firebaseapphosting.googleapis.com x-goog-quota-user=projects/sppu-notes-84332
[debug] [2026-09-27T11:57:19.823Z] >>> [apiv2][query] GET https://serviceusage.googleapis.com/v1/projects/sppu-notes-84332/services/firebaseio.com [none]
[debug] [2026-09-27T11:57:19.824Z] >>> [apiv2][(partial)header] GET https://serviceusage.googleapis.com/v1/projects/sppu-notes-84332/services/firebaseio.com x-goog-quota-user=projects/sppu-notes-84332
[debug] [2026-09-27T11:57:20.347Z] <<< [apiv2][status] GET https://serviceusage.googleapis.com/v1/projects/sppu-notes-84332/services/ 200
[debug] [2026-09-27T11:57:20.347Z] <<< [apiv2][body] GET https://serviceusage.googleapis.com/v1/projects/sppu-notes-84332/services/ [omitted]
[debug] [2026-09-27T11:57:20.433Z] <<< [apiv2][status] GET https://serviceusage.googleapis.com/v1/projects/sppu-notes-84332/services/firebasedataconnect.googleapis.com 200
[debug] [2026-09-27T11:57:20.434Z] <<< [apiv2][body] GET https://serviceusage.googleapis.com/v1/projects/sppu-notes-84332/services/firebasedataconnect.googleapis.com [omitted]
[debug] [2026-09-27T11:57:20.472Z] <<< [apiv2][status] GET https://serviceusage.googleapis.com/v1/projects/sppu-notes-84332/services/firebaseio.com 403
[debug] [2026-09-27T11:57:20.472Z] <<< [apiv2][body] GET https://serviceusage.googleapis.com/v1/projects/sppu-notes-84332/services/firebaseio.com [omitted]
[debug] [2026-09-27T11:57:20.492Z] <<< [apiv2][status] GET https://serviceusage.googleapis.com/v1/projects/sppu-notes-84332/services/firebaseapphosting.googleapis.com 200
[debug] [2026-09-27T11:57:20.492Z] <<< [apiv2][body] GET https://serviceusage.googleapis.com/v1/projects/sppu-notes-84332/services/firebaseapphosting.googleapis.com [omitted]
[debug] [2026-09-27T11:57:20.541Z] <<< [apiv2][status] GET https://serviceusage.googleapis.com/v1/projects/sppu-notes-84332/services/firebaseio.com 403
[debug] [2026-09-27T11:57:20.544Z] <<< [apiv2][status] GET https://serviceusage.googleapis.com/v1/projects/sppu-notes-84332/services/firebaseapphosting.googleapis.com 200
[debug] [2026-09-27T11:57:20.545Z] <<< [apiv2][body] GET https://serviceusage.googleapis.com/v1/projects/sppu-notes-84332/services/firebaseapphosting.googleapis.com [omitted]
[debug] [2026-09-27T11:57:20.545Z] <<< [apiv2][status] GET https://serviceusage.googleapis.com/v1/projects/sppu-notes-84332/services/firebasecrashlytics.googleapis.com 200
[debug] [2026-09-27T11:57:20.545Z] <<< [apiv2][body] GET https://serviceusage.googleapis.com/v1/projects/sppu-notes-84332/services/firebasecrashlytics.googleapis.com [omitted]
[debug] [2026-09-27T11:57:20.541Z] <<< [apiv2][body] GET https://serviceusage.googleapis.com/v1/projects/sppu-notes-84332/services/firebaseio.com [omitted]
[debug] [2026-09-27T11:57:20.553Z] <<< [apiv2][status] GET https://serviceusage.googleapis.com/v1/projects/sppu-notes-84332/services/firebasecrashlytics.googleapis.com 200
[debug] [2026-09-27T11:57:20.553Z] <<< [apiv2][body] GET https://serviceusage.googleapis.com/v1/projects/sppu-notes-84332/services/firebasecrashlytics.googleapis.com [omitted]
[debug] [2026-09-27T11:57:20.556Z] <<< [apiv2][status] GET https://serviceusage.googleapis.com/v1/projects/sppu-notes-84332/services/firebasedataconnect.googleapis.com 200
[debug] [2026-09-27T11:57:20.556Z] <<< [apiv2][body] GET https://serviceusage.googleapis.com/v1/projects/sppu-notes-84332/services/firebasedataconnect.googleapis.com [omitted]
[debug] [2026-09-27T11:57:20.559Z] <<< [apiv2][status] GET https://serviceusage.googleapis.com/v1/projects/sppu-notes-84332/services/firebasecrashlytics.googleapis.com 200
[debug] [2026-09-27T11:57:20.559Z] <<< [apiv2][body] GET https://serviceusage.googleapis.com/v1/projects/sppu-notes-84332/services/firebasecrashlytics.googleapis.com [omitted]
[debug] [2026-09-27T11:57:20.585Z] <<< [apiv2][status] GET https://serviceusage.googleapis.com/v1/projects/sppu-notes-84332/services/firebaseapphosting.googleapis.com 200
[debug] [2026-09-27T11:57:20.585Z] <<< [apiv2][body] GET https://serviceusage.googleapis.com/v1/projects/sppu-notes-84332/services/firebaseapphosting.googleapis.com [omitted]
[debug] [2026-09-27T11:57:20.610Z] <<< [apiv2][status] GET https://serviceusage.googleapis.com/v1/projects/sppu-notes-84332/services/firebaseio.com 403
[debug] [2026-09-27T11:57:20.611Z] <<< [apiv2][body] GET https://serviceusage.googleapis.com/v1/projects/sppu-notes-84332/services/firebaseio.com [omitted]
[debug] [2026-09-27T11:57:20.617Z] <<< [apiv2][status] GET https://serviceusage.googleapis.com/v1/projects/sppu-notes-84332/services/firebasedataconnect.googleapis.com 200
[debug] [2026-09-27T11:57:20.617Z] <<< [apiv2][body] GET https://serviceusage.googleapis.com/v1/projects/sppu-notes-84332/services/firebasedataconnect.googleapis.com [omitted]
[debug] [2026-09-27T11:57:20.633Z] <<< [apiv2][status] GET https://serviceusage.googleapis.com/v1/projects/sppu-notes-84332/services/firebasecrashlytics.googleapis.com 200
[debug] [2026-09-27T11:57:20.633Z] <<< [apiv2][body] GET https://serviceusage.googleapis.com/v1/projects/sppu-notes-84332/services/firebasecrashlytics.googleapis.com [omitted]
[debug] [2026-09-27T11:57:20.645Z] <<< [apiv2][status] GET https://serviceusage.googleapis.com/v1/projects/sppu-notes-84332/services/ 200
[debug] [2026-09-27T11:57:20.646Z] <<< [apiv2][body] GET https://serviceusage.googleapis.com/v1/projects/sppu-notes-84332/services/ [omitted]
[debug] [2026-09-27T11:57:20.669Z] <<< [apiv2][status] GET https://serviceusage.googleapis.com/v1/projects/sppu-notes-84332/services/firebaseio.com 403
[debug] [2026-09-27T11:57:20.670Z] <<< [apiv2][body] GET https://serviceusage.googleapis.com/v1/projects/sppu-notes-84332/services/firebaseio.com [omitted]
[debug] [2026-09-27T11:57:20.703Z] <<< [apiv2][status] GET https://serviceusage.googleapis.com/v1/projects/sppu-notes-84332/services/firebasedataconnect.googleapis.com 200
[debug] [2026-09-27T11:57:20.703Z] <<< [apiv2][body] GET https://serviceusage.googleapis.com/v1/projects/sppu-notes-84332/services/firebasedataconnect.googleapis.com [omitted]
[debug] [2026-09-27T11:57:20.740Z] <<< [apiv2][status] GET https://serviceusage.googleapis.com/v1/projects/sppu-notes-84332/services/firebaseapphosting.googleapis.com 200
[debug] [2026-09-27T11:57:20.740Z] <<< [apiv2][body] GET https://serviceusage.googleapis.com/v1/projects/sppu-notes-84332/services/firebaseapphosting.googleapis.com [omitted]
[debug] [2026-09-27T11:57:20.835Z] <<< [apiv2][status] GET https://serviceusage.googleapis.com/v1/projects/sppu-notes-84332/services/firebasecrashlytics.googleapis.com 200
[debug] [2026-09-27T11:57:20.836Z] <<< [apiv2][body] GET https://serviceusage.googleapis.com/v1/projects/sppu-notes-84332/services/firebasecrashlytics.googleapis.com [omitted]
[debug] [2026-09-27T11:57:20.879Z] <<< [apiv2][status] GET https://serviceusage.googleapis.com/v1/projects/sppu-notes-84332/services/ 200
[debug] [2026-09-27T11:57:20.879Z] <<< [apiv2][body] GET https://serviceusage.googleapis.com/v1/projects/sppu-notes-84332/services/ [omitted]
[debug] [2026-09-27T11:57:21.082Z] <<< [apiv2][status] GET https://serviceusage.googleapis.com/v1/projects/sppu-notes-84332/services/ 200
[debug] [2026-09-27T11:57:21.082Z] <<< [apiv2][body] GET https://serviceusage.googleapis.com/v1/projects/sppu-notes-84332/services/ [omitted]
[debug] [2026-09-27T11:57:21.084Z] <<< [apiv2][status] GET https://serviceusage.googleapis.com/v1/projects/sppu-notes-84332/services/ 200
[debug] [2026-09-27T11:57:21.085Z] <<< [apiv2][body] GET https://serviceusage.googleapis.com/v1/projects/sppu-notes-84332/services/ [omitted]
[debug] [2026-09-27T11:57:21.117Z] <<< [apiv2][status] GET https://serviceusage.googleapis.com/v1/projects/sppu-notes-84332/services/ 200
[debug] [2026-09-27T11:57:21.117Z] <<< [apiv2][body] GET https://serviceusage.googleapis.com/v1/projects/sppu-notes-84332/services/ [omitted]
[debug] [2026-09-27T11:57:21.305Z] <<< [apiv2][status] GET https://serviceusage.googleapis.com/v1/projects/sppu-notes-84332/services/firebaseio.com 403
[debug] [2026-09-27T11:57:21.306Z] <<< [apiv2][body] GET https://serviceusage.googleapis.com/v1/projects/sppu-notes-84332/services/firebaseio.com [omitted]
[debug] [2026-09-27T11:57:21.373Z] <<< [apiv2][status] GET https://serviceusage.googleapis.com/v1/projects/sppu-notes-84332/services/firebasedataconnect.googleapis.com 200
[debug] [2026-09-27T11:57:21.373Z] <<< [apiv2][body] GET https://serviceusage.googleapis.com/v1/projects/sppu-notes-84332/services/firebasedataconnect.googleapis.com [omitted]
[debug] [2026-09-27T11:57:21.395Z] <<< [apiv2][status] GET https://serviceusage.googleapis.com/v1/projects/sppu-notes-84332/services/firebaseapphosting.googleapis.com 200
[debug] [2026-09-27T11:57:21.396Z] <<< [apiv2][body] GET https://serviceusage.googleapis.com/v1/projects/sppu-notes-84332/services/firebaseapphosting.googleapis.com [omitted]
[debug] [2026-09-27T11:57:21.452Z] <<< [apiv2][status] GET https://serviceusage.googleapis.com/v1/projects/sppu-notes-84332/services/ 200
[debug] [2026-09-27T11:57:21.452Z] <<< [apiv2][body] GET https://serviceusage.googleapis.com/v1/projects/sppu-notes-84332/services/ [omitted]
[debug] [2026-09-27T11:57:21.530Z] <<< [apiv2][status] GET https://serviceusage.googleapis.com/v1/projects/sppu-notes-84332/services/firebasecrashlytics.googleapis.com 200
[debug] [2026-09-27T11:57:21.530Z] <<< [apiv2][body] GET https://serviceusage.googleapis.com/v1/projects/sppu-notes-84332/services/firebasecrashlytics.googleapis.com [omitted]
[debug] [2026-09-27T11:57:21.567Z] <<< [apiv2][status] GET https://serviceusage.googleapis.com/v1/projects/sppu-notes-84332/services/firebaseio.com 403
[debug] [2026-09-27T11:57:21.568Z] <<< [apiv2][body] GET https://serviceusage.googleapis.com/v1/projects/sppu-notes-84332/services/firebaseio.com [omitted]
[debug] [2026-09-27T11:57:21.587Z] <<< [apiv2][status] GET https://serviceusage.googleapis.com/v1/projects/sppu-notes-84332/services/firebaseio.com 403
[debug] [2026-09-27T11:57:21.587Z] <<< [apiv2][body] GET https://serviceusage.googleapis.com/v1/projects/sppu-notes-84332/services/firebaseio.com [omitted]
[debug] [2026-09-27T11:57:21.600Z] <<< [apiv2][status] GET https://serviceusage.googleapis.com/v1/projects/sppu-notes-84332/services/firebasedataconnect.googleapis.com 200
[debug] [2026-09-27T11:57:21.600Z] <<< [apiv2][body] GET https://serviceusage.googleapis.com/v1/projects/sppu-notes-84332/services/firebasedataconnect.googleapis.com [omitted]
[debug] [2026-09-27T11:57:21.601Z] <<< [apiv2][status] GET https://serviceusage.googleapis.com/v1/projects/sppu-notes-84332/services/firebasecrashlytics.googleapis.com 200
[debug] [2026-09-27T11:57:21.602Z] <<< [apiv2][body] GET https://serviceusage.googleapis.com/v1/projects/sppu-notes-84332/services/firebasecrashlytics.googleapis.com [omitted]
[debug] [2026-09-27T11:57:21.603Z] <<< [apiv2][status] GET https://serviceusage.googleapis.com/v1/projects/sppu-notes-84332/services/firebaseapphosting.googleapis.com 200
[debug] [2026-09-27T11:57:21.603Z] <<< [apiv2][status] GET https://serviceusage.googleapis.com/v1/projects/sppu-notes-84332/services/ 200
[debug] [2026-09-27T11:57:21.603Z] <<< [apiv2][status] GET https://serviceusage.googleapis.com/v1/projects/sppu-notes-84332/services/firebaseio.com 403
[debug] [2026-09-27T11:57:21.603Z] <<< [apiv2][body] GET https://serviceusage.googleapis.com/v1/projects/sppu-notes-84332/services/firebaseapphosting.googleapis.com [omitted]
[debug] [2026-09-27T11:57:21.603Z] <<< [apiv2][body] GET https://serviceusage.googleapis.com/v1/projects/sppu-notes-84332/services/ [omitted]
[debug] [2026-09-27T11:57:21.603Z] <<< [apiv2][body] GET https://serviceusage.googleapis.com/v1/projects/sppu-notes-84332/services/firebaseio.com [omitted]
[debug] [2026-09-27T11:57:21.608Z] <<< [apiv2][status] GET https://serviceusage.googleapis.com/v1/projects/sppu-notes-84332/services/firebasedataconnect.googleapis.com 200
[debug] [2026-09-27T11:57:21.608Z] <<< [apiv2][body] GET https://serviceusage.googleapis.com/v1/projects/sppu-notes-84332/services/firebasedataconnect.googleapis.com [omitted]
[debug] [2026-09-27T11:57:21.618Z] <<< [apiv2][status] GET https://serviceusage.googleapis.com/v1/projects/sppu-notes-84332/services/firebaseapphosting.googleapis.com 200
[debug] [2026-09-27T11:57:21.618Z] <<< [apiv2][body] GET https://serviceusage.googleapis.com/v1/projects/sppu-notes-84332/services/firebaseapphosting.googleapis.com [omitted]
[debug] [2026-09-27T11:57:21.623Z] <<< [apiv2][status] GET https://serviceusage.googleapis.com/v1/projects/sppu-notes-84332/services/firebaseapphosting.googleapis.com 200
[debug] [2026-09-27T11:57:21.623Z] <<< [apiv2][body] GET https://serviceusage.googleapis.com/v1/projects/sppu-notes-84332/services/firebaseapphosting.googleapis.com [omitted]
[debug] [2026-09-27T11:57:21.629Z] <<< [apiv2][status] GET https://serviceusage.googleapis.com/v1/projects/sppu-notes-84332/services/firebasedataconnect.googleapis.com 200
[debug] [2026-09-27T11:57:21.629Z] <<< [apiv2][body] GET https://serviceusage.googleapis.com/v1/projects/sppu-notes-84332/services/firebasedataconnect.googleapis.com [omitted]
[debug] [2026-09-27T11:57:21.632Z] <<< [apiv2][status] GET https://serviceusage.googleapis.com/v1/projects/sppu-notes-84332/services/firebasecrashlytics.googleapis.com 200
[debug] [2026-09-27T11:57:21.632Z] <<< [apiv2][body] GET https://serviceusage.googleapis.com/v1/projects/sppu-notes-84332/services/firebasecrashlytics.googleapis.com [omitted]
[debug] [2026-09-27T11:57:21.642Z] <<< [apiv2][status] GET https://serviceusage.googleapis.com/v1/projects/sppu-notes-84332/services/firebasecrashlytics.googleapis.com 200
[debug] [2026-09-27T11:57:21.643Z] <<< [apiv2][body] GET https://serviceusage.googleapis.com/v1/projects/sppu-notes-84332/services/firebasecrashlytics.googleapis.com [omitted]
[debug] [2026-09-27T11:57:21.767Z] <<< [apiv2][status] GET https://serviceusage.googleapis.com/v1/projects/sppu-notes-84332/services/firebaseio.com 403
[debug] [2026-09-27T11:57:21.767Z] <<< [apiv2][body] GET https://serviceusage.googleapis.com/v1/projects/sppu-notes-84332/services/firebaseio.com [omitted]
[debug] [2026-09-27T11:57:21.772Z] <<< [apiv2][status] GET https://serviceusage.googleapis.com/v1/projects/sppu-notes-84332/services/firebasedataconnect.googleapis.com 200
[debug] [2026-09-27T11:57:21.772Z] <<< [apiv2][body] GET https://serviceusage.googleapis.com/v1/projects/sppu-notes-84332/services/firebasedataconnect.googleapis.com [omitted]
[debug] [2026-09-27T11:57:21.811Z] <<< [apiv2][status] GET https://serviceusage.googleapis.com/v1/projects/sppu-notes-84332/services/firebaseio.com 403
[debug] [2026-09-27T11:57:21.811Z] <<< [apiv2][body] GET https://serviceusage.googleapis.com/v1/projects/sppu-notes-84332/services/firebaseio.com [omitted]
[debug] [2026-09-27T11:57:21.819Z] <<< [apiv2][status] GET https://serviceusage.googleapis.com/v1/projects/sppu-notes-84332/services/firebaseapphosting.googleapis.com 200
[debug] [2026-09-27T11:57:21.820Z] <<< [apiv2][body] GET https://serviceusage.googleapis.com/v1/projects/sppu-notes-84332/services/firebaseapphosting.googleapis.com [omitted]
[debug] [2026-09-27T11:57:21.826Z] <<< [apiv2][status] GET https://serviceusage.googleapis.com/v1/projects/sppu-notes-84332/services/firebasecrashlytics.googleapis.com 200
[debug] [2026-09-27T11:57:21.826Z] <<< [apiv2][body] GET https://serviceusage.googleapis.com/v1/projects/sppu-notes-84332/services/firebasecrashlytics.googleapis.com [omitted]
[debug] [2026-09-27T11:57:21.832Z] <<< [apiv2][status] GET https://serviceusage.googleapis.com/v1/projects/sppu-notes-84332/services/firebasecrashlytics.googleapis.com 200
[debug] [2026-09-27T11:57:21.832Z] <<< [apiv2][body] GET https://serviceusage.googleapis.com/v1/projects/sppu-notes-84332/services/firebasecrashlytics.googleapis.com [omitted]
[debug] [2026-09-27T11:57:21.843Z] <<< [apiv2][status] GET https://serviceusage.googleapis.com/v1/projects/sppu-notes-84332/services/firebaseapphosting.googleapis.com 200
[debug] [2026-09-27T11:57:21.843Z] <<< [apiv2][body] GET https://serviceusage.googleapis.com/v1/projects/sppu-notes-84332/services/firebaseapphosting.googleapis.com [omitted]
[debug] [2026-09-27T11:57:21.846Z] <<< [apiv2][status] GET https://serviceusage.googleapis.com/v1/projects/sppu-notes-84332/services/firebasedataconnect.googleapis.com 200
[debug] [2026-09-27T11:57:21.846Z] <<< [apiv2][body] GET https://serviceusage.googleapis.com/v1/projects/sppu-notes-84332/services/firebasedataconnect.googleapis.com [omitted]
[debug] [2026-09-27T11:57:21.861Z] <<< [apiv2][status] GET https://serviceusage.googleapis.com/v1/projects/sppu-notes-84332/services/firebaseapphosting.googleapis.com 200
[debug] [2026-09-27T11:57:21.862Z] <<< [apiv2][body] GET https://serviceusage.googleapis.com/v1/projects/sppu-notes-84332/services/firebaseapphosting.googleapis.com [omitted]
[debug] [2026-09-27T11:57:21.935Z] <<< [apiv2][status] GET https://serviceusage.googleapis.com/v1/projects/sppu-notes-84332/services/ 200
[debug] [2026-09-27T11:57:21.935Z] <<< [apiv2][body] GET https://serviceusage.googleapis.com/v1/projects/sppu-notes-84332/services/ [omitted]
[debug] [2026-09-27T11:57:21.936Z] <<< [apiv2][status] GET https://serviceusage.googleapis.com/v1/projects/sppu-notes-84332/services/ 200
[debug] [2026-09-27T11:57:21.937Z] <<< [apiv2][body] GET https://serviceusage.googleapis.com/v1/projects/sppu-notes-84332/services/ [omitted]
[debug] [2026-09-27T11:57:22.049Z] <<< [apiv2][status] GET https://serviceusage.googleapis.com/v1/projects/sppu-notes-84332/services/ 200
[debug] [2026-09-27T11:57:22.050Z] <<< [apiv2][body] GET https://serviceusage.googleapis.com/v1/projects/sppu-notes-84332/services/ [omitted]
[debug] [2026-09-27T11:57:22.067Z] <<< [apiv2][status] GET https://serviceusage.googleapis.com/v1/projects/sppu-notes-84332/services/firebasecrashlytics.googleapis.com 200
[debug] [2026-09-27T11:57:22.067Z] <<< [apiv2][body] GET https://serviceusage.googleapis.com/v1/projects/sppu-notes-84332/services/firebasecrashlytics.googleapis.com [omitted]
[debug] [2026-09-27T11:57:22.069Z] <<< [apiv2][status] GET https://serviceusage.googleapis.com/v1/projects/sppu-notes-84332/services/firebaseapphosting.googleapis.com 200
[debug] [2026-09-27T11:57:22.069Z] <<< [apiv2][body] GET https://serviceusage.googleapis.com/v1/projects/sppu-notes-84332/services/firebaseapphosting.googleapis.com [omitted]
[debug] [2026-09-27T11:57:22.070Z] <<< [apiv2][status] GET https://serviceusage.googleapis.com/v1/projects/sppu-notes-84332/services/firebaseio.com 403
[debug] [2026-09-27T11:57:22.070Z] <<< [apiv2][body] GET https://serviceusage.googleapis.com/v1/projects/sppu-notes-84332/services/firebaseio.com [omitted]
[debug] [2026-09-27T11:57:22.076Z] <<< [apiv2][status] GET https://serviceusage.googleapis.com/v1/projects/sppu-notes-84332/services/firebaseapphosting.googleapis.com 200
[debug] [2026-09-27T11:57:22.077Z] <<< [apiv2][body] GET https://serviceusage.googleapis.com/v1/projects/sppu-notes-84332/services/firebaseapphosting.googleapis.com [omitted]
[debug] [2026-09-27T11:57:22.100Z] <<< [apiv2][status] GET https://serviceusage.googleapis.com/v1/projects/sppu-notes-84332/services/firebasedataconnect.googleapis.com 200
[debug] [2026-09-27T11:57:22.100Z] <<< [apiv2][body] GET https://serviceusage.googleapis.com/v1/projects/sppu-notes-84332/services/firebasedataconnect.googleapis.com [omitted]
[debug] [2026-09-27T11:57:22.102Z] <<< [apiv2][status] GET https://serviceusage.googleapis.com/v1/projects/sppu-notes-84332/services/firebasecrashlytics.googleapis.com 200
[debug] [2026-09-27T11:57:22.102Z] <<< [apiv2][body] GET https://serviceusage.googleapis.com/v1/projects/sppu-notes-84332/services/firebasecrashlytics.googleapis.com [omitted]
[debug] [2026-09-27T11:57:22.127Z] <<< [apiv2][status] GET https://serviceusage.googleapis.com/v1/projects/sppu-notes-84332/services/firebasedataconnect.googleapis.com 200
[debug] [2026-09-27T11:57:22.127Z] <<< [apiv2][body] GET https://serviceusage.googleapis.com/v1/projects/sppu-notes-84332/services/firebasedataconnect.googleapis.com [omitted]
[debug] [2026-09-27T11:57:22.186Z] <<< [apiv2][status] GET https://serviceusage.googleapis.com/v1/projects/sppu-notes-84332/services/ 200
[debug] [2026-09-27T11:57:22.186Z] <<< [apiv2][body] GET https://serviceusage.googleapis.com/v1/projects/sppu-notes-84332/services/ [omitted]
[debug] [2026-09-27T11:57:22.235Z] <<< [apiv2][status] GET https://serviceusage.googleapis.com/v1/projects/sppu-notes-84332/services/ 200
[debug] [2026-09-27T11:57:22.235Z] <<< [apiv2][body] GET https://serviceusage.googleapis.com/v1/projects/sppu-notes-84332/services/ [omitted]
[debug] [2026-09-27T11:57:22.456Z] <<< [apiv2][status] GET https://serviceusage.googleapis.com/v1/projects/sppu-notes-84332/services/ 200
[debug] [2026-09-27T11:57:22.456Z] <<< [apiv2][body] GET https://serviceusage.googleapis.com/v1/projects/sppu-notes-84332/services/ [omitted]
[debug] [2026-09-27T11:57:22.537Z] <<< [apiv2][status] GET https://serviceusage.googleapis.com/v1/projects/sppu-notes-84332/services/ 200
[debug] [2026-09-27T11:57:22.537Z] <<< [apiv2][body] GET https://serviceusage.googleapis.com/v1/projects/sppu-notes-84332/services/ [omitted]
[debug] [2026-09-27T11:57:22.904Z] Checked if tokens are valid: true, expires at: 1790513819968
[debug] [2026-09-27T11:57:22.912Z] Checked if tokens are valid: true, expires at: 1790513819968
[debug] [2026-09-27T11:57:22.914Z] Checked if tokens are valid: true, expires at: 1790513819968
[debug] [2026-09-27T11:57:22.914Z] Checked if tokens are valid: true, expires at: 1790513819968
[debug] [2026-09-27T11:57:22.942Z] Checked if tokens are valid: true, expires at: 1790513819968
[debug] [2026-09-27T11:57:22.943Z] Checked if tokens are valid: true, expires at: 1790513819968
[debug] [2026-09-27T11:57:22.950Z] Checked if tokens are valid: true, expires at: 1790513819968
[debug] [2026-09-27T11:57:22.950Z] Checked if tokens are valid: true, expires at: 1790513819968
[debug] [2026-09-27T11:57:22.955Z] Checked if tokens are valid: true, expires at: 1790513819968
[debug] [2026-09-27T11:57:22.955Z] Checked if tokens are valid: true, expires at: 1790513819968
[debug] [2026-09-27T11:57:22.964Z] >>> [apiv2][query] GET https://serviceusage.googleapis.com/v1/projects/sppu-notes-84332/services/ [none]
[debug] [2026-09-27T11:57:22.964Z] >>> [apiv2][(partial)header] GET https://serviceusage.googleapis.com/v1/projects/sppu-notes-84332/services/ x-goog-quota-user=projects/sppu-notes-84332
[debug] [2026-09-27T11:57:23.003Z] >>> [apiv2][query] GET https://serviceusage.googleapis.com/v1/projects/sppu-notes-84332/services/firebasedataconnect.googleapis.com [none]
[debug] [2026-09-27T11:57:23.003Z] >>> [apiv2][(partial)header] GET https://serviceusage.googleapis.com/v1/projects/sppu-notes-84332/services/firebasedataconnect.googleapis.com x-goog-quota-user=projects/sppu-notes-84332
[debug] [2026-09-27T11:57:23.016Z] >>> [apiv2][query] GET https://serviceusage.googleapis.com/v1/projects/sppu-notes-84332/services/firebasecrashlytics.googleapis.com [none]
[debug] [2026-09-27T11:57:23.017Z] >>> [apiv2][(partial)header] GET https://serviceusage.googleapis.com/v1/projects/sppu-notes-84332/services/firebasecrashlytics.googleapis.com x-goog-quota-user=projects/sppu-notes-84332
[debug] [2026-09-27T11:57:23.023Z] >>> [apiv2][query] GET https://serviceusage.googleapis.com/v1/projects/sppu-notes-84332/services/firebaseapphosting.googleapis.com [none]
[debug] [2026-09-27T11:57:23.023Z] >>> [apiv2][(partial)header] GET https://serviceusage.googleapis.com/v1/projects/sppu-notes-84332/services/firebaseapphosting.googleapis.com x-goog-quota-user=projects/sppu-notes-84332
[debug] [2026-09-27T11:57:23.025Z] >>> [apiv2][query] GET https://serviceusage.googleapis.com/v1/projects/sppu-notes-84332/services/firebaseio.com [none]
[debug] [2026-09-27T11:57:23.026Z] >>> [apiv2][(partial)header] GET https://serviceusage.googleapis.com/v1/projects/sppu-notes-84332/services/firebaseio.com x-goog-quota-user=projects/sppu-notes-84332
[debug] [2026-09-27T11:57:22.990Z] Checked if tokens are valid: true, expires at: 1790513819968
[debug] [2026-09-27T11:57:23.008Z] Checked if tokens are valid: true, expires at: 1790513819968
[debug] [2026-09-27T11:57:23.011Z] Checked if tokens are valid: true, expires at: 1790513819968
[debug] [2026-09-27T11:57:23.011Z] Checked if tokens are valid: true, expires at: 1790513819968
[debug] [2026-09-27T11:57:23.016Z] Checked if tokens are valid: true, expires at: 1790513819968
[debug] [2026-09-27T11:57:23.017Z] Checked if tokens are valid: true, expires at: 1790513819968
[debug] [2026-09-27T11:57:23.018Z] Checked if tokens are valid: true, expires at: 1790513819968
[debug] [2026-09-27T11:57:23.019Z] Checked if tokens are valid: true, expires at: 1790513819968
[debug] [2026-09-27T11:57:23.020Z] Checked if tokens are valid: true, expires at: 1790513819968
[debug] [2026-09-27T11:57:23.020Z] Checked if tokens are valid: true, expires at: 1790513819968
[debug] [2026-09-27T11:57:23.022Z] >>> [apiv2][query] GET https://serviceusage.googleapis.com/v1/projects/sppu-notes-84332/services/ [none]
[debug] [2026-09-27T11:57:23.023Z] >>> [apiv2][(partial)header] GET https://serviceusage.googleapis.com/v1/projects/sppu-notes-84332/services/ x-goog-quota-user=projects/sppu-notes-84332
[debug] [2026-09-27T11:57:23.110Z] >>> [apiv2][query] GET https://serviceusage.googleapis.com/v1/projects/sppu-notes-84332/services/firebasedataconnect.googleapis.com [none]
[debug] [2026-09-27T11:57:23.110Z] >>> [apiv2][(partial)header] GET https://serviceusage.googleapis.com/v1/projects/sppu-notes-84332/services/firebasedataconnect.googleapis.com x-goog-quota-user=projects/sppu-notes-84332
[debug] [2026-09-27T11:57:23.112Z] >>> [apiv2][query] GET https://serviceusage.googleapis.com/v1/projects/sppu-notes-84332/services/firebasecrashlytics.googleapis.com [none]
[debug] [2026-09-27T11:57:23.113Z] >>> [apiv2][(partial)header] GET https://serviceusage.googleapis.com/v1/projects/sppu-notes-84332/services/firebasecrashlytics.googleapis.com x-goog-quota-user=projects/sppu-notes-84332
[debug] [2026-09-27T11:57:23.116Z] >>> [apiv2][query] GET https://serviceusage.googleapis.com/v1/projects/sppu-notes-84332/services/firebaseapphosting.googleapis.com [none]
[debug] [2026-09-27T11:57:23.116Z] >>> [apiv2][(partial)header] GET https://serviceusage.googleapis.com/v1/projects/sppu-notes-84332/services/firebaseapphosting.googleapis.com x-goog-quota-user=projects/sppu-notes-84332
[debug] [2026-09-27T11:57:23.121Z] >>> [apiv2][query] GET https://serviceusage.googleapis.com/v1/projects/sppu-notes-84332/services/firebaseio.com [none]
[debug] [2026-09-27T11:57:23.121Z] >>> [apiv2][(partial)header] GET https://serviceusage.googleapis.com/v1/projects/sppu-notes-84332/services/firebaseio.com x-goog-quota-user=projects/sppu-notes-84332
[debug] [2026-09-27T11:57:23.615Z] <<< [apiv2][status] GET https://serviceusage.googleapis.com/v1/projects/sppu-notes-84332/services/firebaseio.com 403
[debug] [2026-09-27T11:57:23.615Z] <<< [apiv2][body] GET https://serviceusage.googleapis.com/v1/projects/sppu-notes-84332/services/firebaseio.com [omitted]
[debug] [2026-09-27T11:57:24.977Z] <<< [apiv2][status] GET https://serviceusage.googleapis.com/v1/projects/sppu-notes-84332/services/firebasecrashlytics.googleapis.com 200
[debug] [2026-09-27T11:57:24.978Z] <<< [apiv2][body] GET https://serviceusage.googleapis.com/v1/projects/sppu-notes-84332/services/firebasecrashlytics.googleapis.com [omitted]
[debug] [2026-09-27T11:57:25.000Z] <<< [apiv2][status] GET https://serviceusage.googleapis.com/v1/projects/sppu-notes-84332/services/firebaseio.com 403
[debug] [2026-09-27T11:57:25.000Z] <<< [apiv2][body] GET https://serviceusage.googleapis.com/v1/projects/sppu-notes-84332/services/firebaseio.com [omitted]
[debug] [2026-09-27T11:57:25.040Z] <<< [apiv2][status] GET https://serviceusage.googleapis.com/v1/projects/sppu-notes-84332/services/firebaseapphosting.googleapis.com 200
[debug] [2026-09-27T11:57:25.040Z] <<< [apiv2][body] GET https://serviceusage.googleapis.com/v1/projects/sppu-notes-84332/services/firebaseapphosting.googleapis.com [omitted]
[debug] [2026-09-27T11:57:25.052Z] <<< [apiv2][status] GET https://serviceusage.googleapis.com/v1/projects/sppu-notes-84332/services/firebasedataconnect.googleapis.com 200
[debug] [2026-09-27T11:57:25.053Z] <<< [apiv2][body] GET https://serviceusage.googleapis.com/v1/projects/sppu-notes-84332/services/firebasedataconnect.googleapis.com [omitted]
[debug] [2026-09-27T11:57:25.053Z] <<< [apiv2][status] GET https://serviceusage.googleapis.com/v1/projects/sppu-notes-84332/services/firebaseapphosting.googleapis.com 200
[debug] [2026-09-27T11:57:25.053Z] <<< [apiv2][body] GET https://serviceusage.googleapis.com/v1/projects/sppu-notes-84332/services/firebaseapphosting.googleapis.com [omitted]
[debug] [2026-09-27T11:57:25.068Z] <<< [apiv2][status] GET https://serviceusage.googleapis.com/v1/projects/sppu-notes-84332/services/firebaseio.com 403
[debug] [2026-09-27T11:57:25.068Z] <<< [apiv2][body] GET https://serviceusage.googleapis.com/v1/projects/sppu-notes-84332/services/firebaseio.com [omitted]
[debug] [2026-09-27T11:57:25.096Z] <<< [apiv2][status] GET https://serviceusage.googleapis.com/v1/projects/sppu-notes-84332/services/firebasecrashlytics.googleapis.com 200
[debug] [2026-09-27T11:57:25.096Z] <<< [apiv2][body] GET https://serviceusage.googleapis.com/v1/projects/sppu-notes-84332/services/firebasecrashlytics.googleapis.com [omitted]
[debug] [2026-09-27T11:57:25.099Z] <<< [apiv2][status] GET https://serviceusage.googleapis.com/v1/projects/sppu-notes-84332/services/firebasedataconnect.googleapis.com 200
[debug] [2026-09-27T11:57:25.100Z] <<< [apiv2][body] GET https://serviceusage.googleapis.com/v1/projects/sppu-notes-84332/services/firebasedataconnect.googleapis.com [omitted]
[debug] [2026-09-27T11:57:25.404Z] <<< [apiv2][status] GET https://serviceusage.googleapis.com/v1/projects/sppu-notes-84332/services/ 200
[debug] [2026-09-27T11:57:25.404Z] <<< [apiv2][body] GET https://serviceusage.googleapis.com/v1/projects/sppu-notes-84332/services/ [omitted]
[debug] [2026-09-27T11:57:25.453Z] <<< [apiv2][status] GET https://serviceusage.googleapis.com/v1/projects/sppu-notes-84332/services/ 200
[debug] [2026-09-27T11:57:25.454Z] <<< [apiv2][body] GET https://serviceusage.googleapis.com/v1/projects/sppu-notes-84332/services/ [omitted]
[debug] [2026-09-27T11:57:34.843Z] Checked if tokens are valid: true, expires at: 1790513819968
[debug] [2026-09-27T11:57:34.848Z] Checked if tokens are valid: true, expires at: 1790513819968
[debug] [2026-09-27T11:57:34.855Z] Checked if tokens are valid: true, expires at: 1790513819968
[debug] [2026-09-27T11:57:34.855Z] Checked if tokens are valid: true, expires at: 1790513819968
[debug] [2026-09-27T11:57:34.865Z] Checked if tokens are valid: true, expires at: 1790513819968
[debug] [2026-09-27T11:57:34.868Z] Checked if tokens are valid: true, expires at: 1790513819968
[debug] [2026-09-27T11:57:34.870Z] Checked if tokens are valid: true, expires at: 1790513819968
[debug] [2026-09-27T11:57:34.871Z] Checked if tokens are valid: true, expires at: 1790513819968
[debug] [2026-09-27T11:57:34.896Z] Checked if tokens are valid: true, expires at: 1790513819968
[debug] [2026-09-27T11:57:34.897Z] Checked if tokens are valid: true, expires at: 1790513819968
[debug] [2026-09-27T11:57:34.899Z] >>> [apiv2][query] GET https://serviceusage.googleapis.com/v1/projects/sppu-notes-84332/services/ [none]
[debug] [2026-09-27T11:57:34.900Z] >>> [apiv2][(partial)header] GET https://serviceusage.googleapis.com/v1/projects/sppu-notes-84332/services/ x-goog-quota-user=projects/sppu-notes-84332
[debug] [2026-09-27T11:57:34.956Z] >>> [apiv2][query] GET https://serviceusage.googleapis.com/v1/projects/sppu-notes-84332/services/firebasedataconnect.googleapis.com [none]
[debug] [2026-09-27T11:57:34.957Z] >>> [apiv2][(partial)header] GET https://serviceusage.googleapis.com/v1/projects/sppu-notes-84332/services/firebasedataconnect.googleapis.com x-goog-quota-user=projects/sppu-notes-84332
[debug] [2026-09-27T11:57:34.960Z] >>> [apiv2][query] GET https://serviceusage.googleapis.com/v1/projects/sppu-notes-84332/services/firebasecrashlytics.googleapis.com [none]
[debug] [2026-09-27T11:57:34.960Z] >>> [apiv2][(partial)header] GET https://serviceusage.googleapis.com/v1/projects/sppu-notes-84332/services/firebasecrashlytics.googleapis.com x-goog-quota-user=projects/sppu-notes-84332
[debug] [2026-09-27T11:57:34.962Z] >>> [apiv2][query] GET https://serviceusage.googleapis.com/v1/projects/sppu-notes-84332/services/firebaseapphosting.googleapis.com [none]
[debug] [2026-09-27T11:57:34.962Z] >>> [apiv2][(partial)header] GET https://serviceusage.googleapis.com/v1/projects/sppu-notes-84332/services/firebaseapphosting.googleapis.com x-goog-quota-user=projects/sppu-notes-84332
[debug] [2026-09-27T11:57:34.965Z] >>> [apiv2][query] GET https://serviceusage.googleapis.com/v1/projects/sppu-notes-84332/services/firebaseio.com [none]
[debug] [2026-09-27T11:57:34.965Z] >>> [apiv2][(partial)header] GET https://serviceusage.googleapis.com/v1/projects/sppu-notes-84332/services/firebaseio.com x-goog-quota-user=projects/sppu-notes-84332
[debug] [2026-09-27T11:57:35.354Z] Checked if tokens are valid: true, expires at: 1790513819968
[debug] [2026-09-27T11:57:35.360Z] Checked if tokens are valid: true, expires at: 1790513819968
[debug] [2026-09-27T11:57:35.361Z] Checked if tokens are valid: true, expires at: 1790513819968
[debug] [2026-09-27T11:57:35.361Z] Checked if tokens are valid: true, expires at: 1790513819968
[debug] [2026-09-27T11:57:35.366Z] Checked if tokens are valid: true, expires at: 1790513819968
[debug] [2026-09-27T11:57:35.367Z] Checked if tokens are valid: true, expires at: 1790513819968
[debug] [2026-09-27T11:57:35.368Z] Checked if tokens are valid: true, expires at: 1790513819968
[debug] [2026-09-27T11:57:35.368Z] Checked if tokens are valid: true, expires at: 1790513819968
[debug] [2026-09-27T11:57:35.370Z] Checked if tokens are valid: true, expires at: 1790513819968
[debug] [2026-09-27T11:57:35.371Z] Checked if tokens are valid: true, expires at: 1790513819968
[debug] [2026-09-27T11:57:35.372Z] >>> [apiv2][query] GET https://serviceusage.googleapis.com/v1/projects/sppu-notes-84332/services/ [none]
[debug] [2026-09-27T11:57:35.373Z] >>> [apiv2][(partial)header] GET https://serviceusage.googleapis.com/v1/projects/sppu-notes-84332/services/ x-goog-quota-user=projects/sppu-notes-84332
[debug] [2026-09-27T11:57:35.398Z] >>> [apiv2][query] GET https://serviceusage.googleapis.com/v1/projects/sppu-notes-84332/services/firebasedataconnect.googleapis.com [none]
[debug] [2026-09-27T11:57:35.399Z] >>> [apiv2][(partial)header] GET https://serviceusage.googleapis.com/v1/projects/sppu-notes-84332/services/firebasedataconnect.googleapis.com x-goog-quota-user=projects/sppu-notes-84332
[debug] [2026-09-27T11:57:35.402Z] >>> [apiv2][query] GET https://serviceusage.googleapis.com/v1/projects/sppu-notes-84332/services/firebasecrashlytics.googleapis.com [none]
[debug] [2026-09-27T11:57:35.402Z] >>> [apiv2][(partial)header] GET https://serviceusage.googleapis.com/v1/projects/sppu-notes-84332/services/firebasecrashlytics.googleapis.com x-goog-quota-user=projects/sppu-notes-84332
[debug] [2026-09-27T11:57:35.403Z] >>> [apiv2][query] GET https://serviceusage.googleapis.com/v1/projects/sppu-notes-84332/services/firebaseapphosting.googleapis.com [none]
[debug] [2026-09-27T11:57:35.403Z] >>> [apiv2][(partial)header] GET https://serviceusage.googleapis.com/v1/projects/sppu-notes-84332/services/firebaseapphosting.googleapis.com x-goog-quota-user=projects/sppu-notes-84332
[debug] [2026-09-27T11:57:35.407Z] >>> [apiv2][query] GET https://serviceusage.googleapis.com/v1/projects/sppu-notes-84332/services/firebaseio.com [none]
[debug] [2026-09-27T11:57:35.407Z] >>> [apiv2][(partial)header] GET https://serviceusage.googleapis.com/v1/projects/sppu-notes-84332/services/firebaseio.com x-goog-quota-user=projects/sppu-notes-84332
[debug] [2026-09-27T11:57:35.945Z] <<< [apiv2][status] GET https://serviceusage.googleapis.com/v1/projects/sppu-notes-84332/services/ 200
[debug] [2026-09-27T11:57:35.945Z] <<< [apiv2][body] GET https://serviceusage.googleapis.com/v1/projects/sppu-notes-84332/services/ [omitted]
[debug] [2026-09-27T11:57:36.709Z] <<< [apiv2][status] GET https://serviceusage.googleapis.com/v1/projects/sppu-notes-84332/services/firebaseapphosting.googleapis.com 200
[debug] [2026-09-27T11:57:36.709Z] <<< [apiv2][body] GET https://serviceusage.googleapis.com/v1/projects/sppu-notes-84332/services/firebaseapphosting.googleapis.com [omitted]
[debug] [2026-09-27T11:57:36.731Z] <<< [apiv2][status] GET https://serviceusage.googleapis.com/v1/projects/sppu-notes-84332/services/firebaseio.com 403
[debug] [2026-09-27T11:57:36.731Z] <<< [apiv2][body] GET https://serviceusage.googleapis.com/v1/projects/sppu-notes-84332/services/firebaseio.com [omitted]
[debug] [2026-09-27T11:57:36.733Z] <<< [apiv2][status] GET https://serviceusage.googleapis.com/v1/projects/sppu-notes-84332/services/firebasedataconnect.googleapis.com 200
[debug] [2026-09-27T11:57:36.733Z] <<< [apiv2][body] GET https://serviceusage.googleapis.com/v1/projects/sppu-notes-84332/services/firebasedataconnect.googleapis.com [omitted]
[debug] [2026-09-27T11:57:36.763Z] <<< [apiv2][status] GET https://serviceusage.googleapis.com/v1/projects/sppu-notes-84332/services/firebasecrashlytics.googleapis.com 200
[debug] [2026-09-27T11:57:36.763Z] <<< [apiv2][body] GET https://serviceusage.googleapis.com/v1/projects/sppu-notes-84332/services/firebasecrashlytics.googleapis.com [omitted]
[debug] [2026-09-27T11:57:37.104Z] <<< [apiv2][status] GET https://serviceusage.googleapis.com/v1/projects/sppu-notes-84332/services/firebasedataconnect.googleapis.com 200
[debug] [2026-09-27T11:57:37.104Z] <<< [apiv2][body] GET https://serviceusage.googleapis.com/v1/projects/sppu-notes-84332/services/firebasedataconnect.googleapis.com [omitted]
[debug] [2026-09-27T11:57:37.109Z] <<< [apiv2][status] GET https://serviceusage.googleapis.com/v1/projects/sppu-notes-84332/services/firebaseapphosting.googleapis.com 200
[debug] [2026-09-27T11:57:37.109Z] <<< [apiv2][body] GET https://serviceusage.googleapis.com/v1/projects/sppu-notes-84332/services/firebaseapphosting.googleapis.com [omitted]
[debug] [2026-09-27T11:57:37.127Z] <<< [apiv2][status] GET https://serviceusage.googleapis.com/v1/projects/sppu-notes-84332/services/firebaseio.com 403
[debug] [2026-09-27T11:57:37.127Z] <<< [apiv2][body] GET https://serviceusage.googleapis.com/v1/projects/sppu-notes-84332/services/firebaseio.com [omitted]
[debug] [2026-09-27T11:57:37.134Z] <<< [apiv2][status] GET https://serviceusage.googleapis.com/v1/projects/sppu-notes-84332/services/ 200
[debug] [2026-09-27T11:57:37.135Z] <<< [apiv2][body] GET https://serviceusage.googleapis.com/v1/projects/sppu-notes-84332/services/ [omitted]
[debug] [2026-09-27T11:57:37.158Z] <<< [apiv2][status] GET https://serviceusage.googleapis.com/v1/projects/sppu-notes-84332/services/firebasecrashlytics.googleapis.com 200
[debug] [2026-09-27T11:57:37.159Z] <<< [apiv2][body] GET https://serviceusage.googleapis.com/v1/projects/sppu-notes-84332/services/firebasecrashlytics.googleapis.com [omitted]
[debug] [2026-09-27T11:57:39.325Z] Checked if tokens are valid: true, expires at: 1790513819968
[debug] [2026-09-27T11:57:39.328Z] Checked if tokens are valid: true, expires at: 1790513819968
[debug] [2026-09-27T11:57:39.330Z] Checked if tokens are valid: true, expires at: 1790513819968
[debug] [2026-09-27T11:57:39.330Z] Checked if tokens are valid: true, expires at: 1790513819968
[debug] [2026-09-27T11:57:39.334Z] Checked if tokens are valid: true, expires at: 1790513819968
[debug] [2026-09-27T11:57:39.334Z] Checked if tokens are valid: true, expires at: 1790513819968
[debug] [2026-09-27T11:57:39.335Z] Checked if tokens are valid: true, expires at: 1790513819968
[debug] [2026-09-27T11:57:39.335Z] Checked if tokens are valid: true, expires at: 1790513819968
[debug] [2026-09-27T11:57:39.337Z] Checked if tokens are valid: true, expires at: 1790513819968
[debug] [2026-09-27T11:57:39.337Z] Checked if tokens are valid: true, expires at: 1790513819968
[debug] [2026-09-27T11:57:39.339Z] >>> [apiv2][query] GET https://serviceusage.googleapis.com/v1/projects/sppu-notes-84332/services/ [none]
[debug] [2026-09-27T11:57:39.339Z] >>> [apiv2][(partial)header] GET https://serviceusage.googleapis.com/v1/projects/sppu-notes-84332/services/ x-goog-quota-user=projects/sppu-notes-84332
[debug] [2026-09-27T11:57:39.362Z] >>> [apiv2][query] GET https://serviceusage.googleapis.com/v1/projects/sppu-notes-84332/services/firebasedataconnect.googleapis.com [none]
[debug] [2026-09-27T11:57:39.362Z] >>> [apiv2][(partial)header] GET https://serviceusage.googleapis.com/v1/projects/sppu-notes-84332/services/firebasedataconnect.googleapis.com x-goog-quota-user=projects/sppu-notes-84332
[debug] [2026-09-27T11:57:39.364Z] >>> [apiv2][query] GET https://serviceusage.googleapis.com/v1/projects/sppu-notes-84332/services/firebasecrashlytics.googleapis.com [none]
[debug] [2026-09-27T11:57:39.364Z] >>> [apiv2][(partial)header] GET https://serviceusage.googleapis.com/v1/projects/sppu-notes-84332/services/firebasecrashlytics.googleapis.com x-goog-quota-user=projects/sppu-notes-84332
[debug] [2026-09-27T11:57:39.365Z] >>> [apiv2][query] GET https://serviceusage.googleapis.com/v1/projects/sppu-notes-84332/services/firebaseapphosting.googleapis.com [none]
[debug] [2026-09-27T11:57:39.365Z] >>> [apiv2][(partial)header] GET https://serviceusage.googleapis.com/v1/projects/sppu-notes-84332/services/firebaseapphosting.googleapis.com x-goog-quota-user=projects/sppu-notes-84332
[debug] [2026-09-27T11:57:39.367Z] >>> [apiv2][query] GET https://serviceusage.googleapis.com/v1/projects/sppu-notes-84332/services/firebaseio.com [none]
[debug] [2026-09-27T11:57:39.367Z] >>> [apiv2][(partial)header] GET https://serviceusage.googleapis.com/v1/projects/sppu-notes-84332/services/firebaseio.com x-goog-quota-user=projects/sppu-notes-84332
[debug] [2026-09-27T11:57:39.502Z] Checked if tokens are valid: true, expires at: 1790513819968
[debug] [2026-09-27T11:57:39.503Z] Checked if tokens are valid: true, expires at: 1790513819968
[debug] [2026-09-27T11:57:39.505Z] Checked if tokens are valid: true, expires at: 1790513819968
[debug] [2026-09-27T11:57:39.505Z] Checked if tokens are valid: true, expires at: 1790513819968
[debug] [2026-09-27T11:57:39.509Z] Checked if tokens are valid: true, expires at: 1790513819968
[debug] [2026-09-27T11:57:39.510Z] Checked if tokens are valid: true, expires at: 1790513819968
[debug] [2026-09-27T11:57:39.511Z] Checked if tokens are valid: true, expires at: 1790513819968
[debug] [2026-09-27T11:57:39.511Z] Checked if tokens are valid: true, expires at: 1790513819968
[debug] [2026-09-27T11:57:39.512Z] Checked if tokens are valid: true, expires at: 1790513819968
[debug] [2026-09-27T11:57:39.512Z] Checked if tokens are valid: true, expires at: 1790513819968
[debug] [2026-09-27T11:57:39.512Z] >>> [apiv2][query] GET https://serviceusage.googleapis.com/v1/projects/sppu-notes-84332/services/ [none]
[debug] [2026-09-27T11:57:39.512Z] >>> [apiv2][(partial)header] GET https://serviceusage.googleapis.com/v1/projects/sppu-notes-84332/services/ x-goog-quota-user=projects/sppu-notes-84332
[debug] [2026-09-27T11:57:39.514Z] >>> [apiv2][query] GET https://serviceusage.googleapis.com/v1/projects/sppu-notes-84332/services/firebasedataconnect.googleapis.com [none]
[debug] [2026-09-27T11:57:39.514Z] >>> [apiv2][(partial)header] GET https://serviceusage.googleapis.com/v1/projects/sppu-notes-84332/services/firebasedataconnect.googleapis.com x-goog-quota-user=projects/sppu-notes-84332
[debug] [2026-09-27T11:57:39.515Z] >>> [apiv2][query] GET https://serviceusage.googleapis.com/v1/projects/sppu-notes-84332/services/firebasecrashlytics.googleapis.com [none]
[debug] [2026-09-27T11:57:39.515Z] >>> [apiv2][(partial)header] GET https://serviceusage.googleapis.com/v1/projects/sppu-notes-84332/services/firebasecrashlytics.googleapis.com x-goog-quota-user=projects/sppu-notes-84332
[debug] [2026-09-27T11:57:39.517Z] >>> [apiv2][query] GET https://serviceusage.googleapis.com/v1/projects/sppu-notes-84332/services/firebaseapphosting.googleapis.com [none]
[debug] [2026-09-27T11:57:39.517Z] >>> [apiv2][(partial)header] GET https://serviceusage.googleapis.com/v1/projects/sppu-notes-84332/services/firebaseapphosting.googleapis.com x-goog-quota-user=projects/sppu-notes-84332
[debug] [2026-09-27T11:57:39.520Z] >>> [apiv2][query] GET https://serviceusage.googleapis.com/v1/projects/sppu-notes-84332/services/firebaseio.com [none]
[debug] [2026-09-27T11:57:39.520Z] >>> [apiv2][(partial)header] GET https://serviceusage.googleapis.com/v1/projects/sppu-notes-84332/services/firebaseio.com x-goog-quota-user=projects/sppu-notes-84332
[debug] [2026-09-27T11:57:41.149Z] <<< [apiv2][status] GET https://serviceusage.googleapis.com/v1/projects/sppu-notes-84332/services/firebasedataconnect.googleapis.com 200
[debug] [2026-09-27T11:57:41.150Z] <<< [apiv2][body] GET https://serviceusage.googleapis.com/v1/projects/sppu-notes-84332/services/firebasedataconnect.googleapis.com [omitted]
[debug] [2026-09-27T11:57:41.156Z] <<< [apiv2][status] GET https://serviceusage.googleapis.com/v1/projects/sppu-notes-84332/services/firebaseio.com 403
[debug] [2026-09-27T11:57:41.156Z] <<< [apiv2][body] GET https://serviceusage.googleapis.com/v1/projects/sppu-notes-84332/services/firebaseio.com [omitted]
[debug] [2026-09-27T11:57:41.159Z] <<< [apiv2][status] GET https://serviceusage.googleapis.com/v1/projects/sppu-notes-84332/services/firebasecrashlytics.googleapis.com 200
[debug] [2026-09-27T11:57:41.159Z] <<< [apiv2][body] GET https://serviceusage.googleapis.com/v1/projects/sppu-notes-84332/services/firebasecrashlytics.googleapis.com [omitted]
[debug] [2026-09-27T11:57:41.190Z] <<< [apiv2][status] GET https://serviceusage.googleapis.com/v1/projects/sppu-notes-84332/services/firebaseapphosting.googleapis.com 200
[debug] [2026-09-27T11:57:41.190Z] <<< [apiv2][body] GET https://serviceusage.googleapis.com/v1/projects/sppu-notes-84332/services/firebaseapphosting.googleapis.com [omitted]
[debug] [2026-09-27T11:57:41.280Z] <<< [apiv2][status] GET https://serviceusage.googleapis.com/v1/projects/sppu-notes-84332/services/firebaseio.com 403
[debug] [2026-09-27T11:57:41.280Z] <<< [apiv2][body] GET https://serviceusage.googleapis.com/v1/projects/sppu-notes-84332/services/firebaseio.com [omitted]
[debug] [2026-09-27T11:57:41.299Z] <<< [apiv2][status] GET https://serviceusage.googleapis.com/v1/projects/sppu-notes-84332/services/firebaseapphosting.googleapis.com 200
[debug] [2026-09-27T11:57:41.299Z] <<< [apiv2][body] GET https://serviceusage.googleapis.com/v1/projects/sppu-notes-84332/services/firebaseapphosting.googleapis.com [omitted]
[debug] [2026-09-27T11:57:41.300Z] <<< [apiv2][status] GET https://serviceusage.googleapis.com/v1/projects/sppu-notes-84332/services/firebasedataconnect.googleapis.com 200
[debug] [2026-09-27T11:57:41.300Z] <<< [apiv2][body] GET https://serviceusage.googleapis.com/v1/projects/sppu-notes-84332/services/firebasedataconnect.googleapis.com [omitted]
[debug] [2026-09-27T11:57:41.310Z] <<< [apiv2][status] GET https://serviceusage.googleapis.com/v1/projects/sppu-notes-84332/services/firebasecrashlytics.googleapis.com 200
[debug] [2026-09-27T11:57:41.310Z] <<< [apiv2][body] GET https://serviceusage.googleapis.com/v1/projects/sppu-notes-84332/services/firebasecrashlytics.googleapis.com [omitted]
[debug] [2026-09-27T11:57:41.557Z] <<< [apiv2][status] GET https://serviceusage.googleapis.com/v1/projects/sppu-notes-84332/services/ 200
[debug] [2026-09-27T11:57:41.557Z] <<< [apiv2][body] GET https://serviceusage.googleapis.com/v1/projects/sppu-notes-84332/services/ [omitted]
[debug] [2026-09-27T11:57:41.734Z] <<< [apiv2][status] GET https://serviceusage.googleapis.com/v1/projects/sppu-notes-84332/services/ 200
[debug] [2026-09-27T11:57:41.734Z] <<< [apiv2][body] GET https://serviceusage.googleapis.com/v1/projects/sppu-notes-84332/services/ [omitted]
[debug] [2026-09-27T11:57:41.746Z] > command requires scopes: ["email","openid","https://www.googleapis.com/auth/cloudplatformprojects.readonly","https://www.googleapis.com/auth/firebase","https://www.googleapis.com/auth/cloud-platform"]
[debug] [2026-09-27T11:57:41.746Z] > authorizing via signed-in user (tejaschinchole2@gmail.com)
[debug] [2026-09-27T11:57:43.859Z] Checked if tokens are valid: true, expires at: 1790513819968
[debug] [2026-09-27T11:57:43.865Z] Checked if tokens are valid: true, expires at: 1790513819968
[debug] [2026-09-27T11:57:43.869Z] Checked if tokens are valid: true, expires at: 1790513819968
[debug] [2026-09-27T11:57:43.870Z] Checked if tokens are valid: true, expires at: 1790513819968
[debug] [2026-09-27T11:57:43.876Z] Checked if tokens are valid: true, expires at: 1790513819968
[debug] [2026-09-27T11:57:43.877Z] Checked if tokens are valid: true, expires at: 1790513819968
[debug] [2026-09-27T11:57:43.879Z] Checked if tokens are valid: true, expires at: 1790513819968
[debug] [2026-09-27T11:57:43.879Z] Checked if tokens are valid: true, expires at: 1790513819968
[debug] [2026-09-27T11:57:43.880Z] Checked if tokens are valid: true, expires at: 1790513819968
[debug] [2026-09-27T11:57:43.881Z] Checked if tokens are valid: true, expires at: 1790513819968
[debug] [2026-09-27T11:57:43.883Z] >>> [apiv2][query] GET https://serviceusage.googleapis.com/v1/projects/sppu-notes-84332/services/ [none]
[debug] [2026-09-27T11:57:43.883Z] >>> [apiv2][(partial)header] GET https://serviceusage.googleapis.com/v1/projects/sppu-notes-84332/services/ x-goog-quota-user=projects/sppu-notes-84332
[debug] [2026-09-27T11:57:43.904Z] >>> [apiv2][query] GET https://serviceusage.googleapis.com/v1/projects/sppu-notes-84332/services/firebasedataconnect.googleapis.com [none]
[debug] [2026-09-27T11:57:43.905Z] >>> [apiv2][(partial)header] GET https://serviceusage.googleapis.com/v1/projects/sppu-notes-84332/services/firebasedataconnect.googleapis.com x-goog-quota-user=projects/sppu-notes-84332
[debug] [2026-09-27T11:57:43.906Z] >>> [apiv2][query] GET https://serviceusage.googleapis.com/v1/projects/sppu-notes-84332/services/firebasecrashlytics.googleapis.com [none]
[debug] [2026-09-27T11:57:43.907Z] >>> [apiv2][(partial)header] GET https://serviceusage.googleapis.com/v1/projects/sppu-notes-84332/services/firebasecrashlytics.googleapis.com x-goog-quota-user=projects/sppu-notes-84332
[debug] [2026-09-27T11:57:43.908Z] >>> [apiv2][query] GET https://serviceusage.googleapis.com/v1/projects/sppu-notes-84332/services/firebaseapphosting.googleapis.com [none]
[debug] [2026-09-27T11:57:43.908Z] >>> [apiv2][(partial)header] GET https://serviceusage.googleapis.com/v1/projects/sppu-notes-84332/services/firebaseapphosting.googleapis.com x-goog-quota-user=projects/sppu-notes-84332
[debug] [2026-09-27T11:57:43.909Z] >>> [apiv2][query] GET https://serviceusage.googleapis.com/v1/projects/sppu-notes-84332/services/firebaseio.com [none]
[debug] [2026-09-27T11:57:43.910Z] >>> [apiv2][(partial)header] GET https://serviceusage.googleapis.com/v1/projects/sppu-notes-84332/services/firebaseio.com x-goog-quota-user=projects/sppu-notes-84332
[debug] [2026-09-27T11:57:43.967Z] Checked if tokens are valid: true, expires at: 1790513819968
[debug] [2026-09-27T11:57:43.967Z] Checked if tokens are valid: true, expires at: 1790513819968
[debug] [2026-09-27T11:57:43.968Z] Checked if tokens are valid: true, expires at: 1790513819968
[debug] [2026-09-27T11:57:43.968Z] Checked if tokens are valid: true, expires at: 1790513819968
[debug] [2026-09-27T11:57:43.974Z] Checked if tokens are valid: true, expires at: 1790513819968
[debug] [2026-09-27T11:57:43.974Z] Checked if tokens are valid: true, expires at: 1790513819968
[debug] [2026-09-27T11:57:43.976Z] Checked if tokens are valid: true, expires at: 1790513819968
[debug] [2026-09-27T11:57:43.976Z] Checked if tokens are valid: true, expires at: 1790513819968
[debug] [2026-09-27T11:57:43.977Z] Checked if tokens are valid: true, expires at: 1790513819968
[debug] [2026-09-27T11:57:43.977Z] Checked if tokens are valid: true, expires at: 1790513819968
[debug] [2026-09-27T11:57:43.978Z] >>> [apiv2][query] GET https://serviceusage.googleapis.com/v1/projects/sppu-notes-84332/services/ [none]
[debug] [2026-09-27T11:57:43.978Z] >>> [apiv2][(partial)header] GET https://serviceusage.googleapis.com/v1/projects/sppu-notes-84332/services/ x-goog-quota-user=projects/sppu-notes-84332
[debug] [2026-09-27T11:57:43.979Z] >>> [apiv2][query] GET https://serviceusage.googleapis.com/v1/projects/sppu-notes-84332/services/firebasedataconnect.googleapis.com [none]
[debug] [2026-09-27T11:57:43.980Z] >>> [apiv2][(partial)header] GET https://serviceusage.googleapis.com/v1/projects/sppu-notes-84332/services/firebasedataconnect.googleapis.com x-goog-quota-user=projects/sppu-notes-84332
[debug] [2026-09-27T11:57:43.981Z] >>> [apiv2][query] GET https://serviceusage.googleapis.com/v1/projects/sppu-notes-84332/services/firebasecrashlytics.googleapis.com [none]
[debug] [2026-09-27T11:57:43.981Z] >>> [apiv2][(partial)header] GET https://serviceusage.googleapis.com/v1/projects/sppu-notes-84332/services/firebasecrashlytics.googleapis.com x-goog-quota-user=projects/sppu-notes-84332
[debug] [2026-09-27T11:57:43.983Z] >>> [apiv2][query] GET https://serviceusage.googleapis.com/v1/projects/sppu-notes-84332/services/firebaseapphosting.googleapis.com [none]
[debug] [2026-09-27T11:57:43.983Z] >>> [apiv2][(partial)header] GET https://serviceusage.googleapis.com/v1/projects/sppu-notes-84332/services/firebaseapphosting.googleapis.com x-goog-quota-user=projects/sppu-notes-84332
[debug] [2026-09-27T11:57:43.985Z] >>> [apiv2][query] GET https://serviceusage.googleapis.com/v1/projects/sppu-notes-84332/services/firebaseio.com [none]
[debug] [2026-09-27T11:57:43.985Z] >>> [apiv2][(partial)header] GET https://serviceusage.googleapis.com/v1/projects/sppu-notes-84332/services/firebaseio.com x-goog-quota-user=projects/sppu-notes-84332
[debug] [2026-09-27T11:57:44.655Z] <<< [apiv2][status] GET https://serviceusage.googleapis.com/v1/projects/sppu-notes-84332/services/firebaseapphosting.googleapis.com 200
[debug] [2026-09-27T11:57:44.655Z] <<< [apiv2][body] GET https://serviceusage.googleapis.com/v1/projects/sppu-notes-84332/services/firebaseapphosting.googleapis.com [omitted]
[debug] [2026-09-27T11:57:45.700Z] <<< [apiv2][status] GET https://serviceusage.googleapis.com/v1/projects/sppu-notes-84332/services/ 200
[debug] [2026-09-27T11:57:45.701Z] <<< [apiv2][body] GET https://serviceusage.googleapis.com/v1/projects/sppu-notes-84332/services/ [omitted]
[debug] [2026-09-27T11:57:45.711Z] <<< [apiv2][status] GET https://serviceusage.googleapis.com/v1/projects/sppu-notes-84332/services/firebaseio.com 403
[debug] [2026-09-27T11:57:45.711Z] <<< [apiv2][body] GET https://serviceusage.googleapis.com/v1/projects/sppu-notes-84332/services/firebaseio.com [omitted]
[debug] [2026-09-27T11:57:45.724Z] <<< [apiv2][status] GET https://serviceusage.googleapis.com/v1/projects/sppu-notes-84332/services/firebasecrashlytics.googleapis.com 200
[debug] [2026-09-27T11:57:45.724Z] <<< [apiv2][body] GET https://serviceusage.googleapis.com/v1/projects/sppu-notes-84332/services/firebasecrashlytics.googleapis.com [omitted]
[debug] [2026-09-27T11:57:45.725Z] <<< [apiv2][status] GET https://serviceusage.googleapis.com/v1/projects/sppu-notes-84332/services/firebasedataconnect.googleapis.com 200
[debug] [2026-09-27T11:57:45.725Z] <<< [apiv2][body] GET https://serviceusage.googleapis.com/v1/projects/sppu-notes-84332/services/firebasedataconnect.googleapis.com [omitted]
[debug] [2026-09-27T11:57:45.759Z] <<< [apiv2][status] GET https://serviceusage.googleapis.com/v1/projects/sppu-notes-84332/services/firebasedataconnect.googleapis.com 200
[debug] [2026-09-27T11:57:45.760Z] <<< [apiv2][body] GET https://serviceusage.googleapis.com/v1/projects/sppu-notes-84332/services/firebasedataconnect.googleapis.com [omitted]
[debug] [2026-09-27T11:57:45.761Z] <<< [apiv2][status] GET https://serviceusage.googleapis.com/v1/projects/sppu-notes-84332/services/firebaseio.com 403
[debug] [2026-09-27T11:57:45.761Z] <<< [apiv2][body] GET https://serviceusage.googleapis.com/v1/projects/sppu-notes-84332/services/firebaseio.com [omitted]
[debug] [2026-09-27T11:57:45.775Z] <<< [apiv2][status] GET https://serviceusage.googleapis.com/v1/projects/sppu-notes-84332/services/firebaseapphosting.googleapis.com 200
[debug] [2026-09-27T11:57:45.775Z] <<< [apiv2][body] GET https://serviceusage.googleapis.com/v1/projects/sppu-notes-84332/services/firebaseapphosting.googleapis.com [omitted]
[debug] [2026-09-27T11:57:45.802Z] <<< [apiv2][status] GET https://serviceusage.googleapis.com/v1/projects/sppu-notes-84332/services/firebasecrashlytics.googleapis.com 200
[debug] [2026-09-27T11:57:45.802Z] <<< [apiv2][body] GET https://serviceusage.googleapis.com/v1/projects/sppu-notes-84332/services/firebasecrashlytics.googleapis.com [omitted]
[debug] [2026-09-27T11:57:46.199Z] <<< [apiv2][status] GET https://serviceusage.googleapis.com/v1/projects/sppu-notes-84332/services/ 200
[debug] [2026-09-27T11:57:46.200Z] <<< [apiv2][body] GET https://serviceusage.googleapis.com/v1/projects/sppu-notes-84332/services/ [omitted]
[debug] [2026-09-27T11:57:46.213Z] > command requires scopes: ["email","openid","https://www.googleapis.com/auth/cloudplatformprojects.readonly","https://www.googleapis.com/auth/firebase","https://www.googleapis.com/auth/cloud-platform"]
[debug] [2026-09-27T11:57:46.214Z] > authorizing via signed-in user (tejaschinchole2@gmail.com)
[debug] [2026-09-27T11:57:46.794Z] Checked if tokens are valid: true, expires at: 1790513819968
[debug] [2026-09-27T11:57:46.804Z] Checked if tokens are valid: true, expires at: 1790513819968
[debug] [2026-09-27T11:57:46.809Z] Checked if tokens are valid: true, expires at: 1790513819968
[debug] [2026-09-27T11:57:46.809Z] Checked if tokens are valid: true, expires at: 1790513819968
[debug] [2026-09-27T11:57:46.815Z] Checked if tokens are valid: true, expires at: 1790513819968
[debug] [2026-09-27T11:57:46.816Z] Checked if tokens are valid: true, expires at: 1790513819968
[debug] [2026-09-27T11:57:46.825Z] Checked if tokens are valid: true, expires at: 1790513819968
[debug] [2026-09-27T11:57:46.826Z] Checked if tokens are valid: true, expires at: 1790513819968
[debug] [2026-09-27T11:57:46.829Z] Checked if tokens are valid: true, expires at: 1790513819968
[debug] [2026-09-27T11:57:46.829Z] Checked if tokens are valid: true, expires at: 1790513819968
[debug] [2026-09-27T11:57:46.832Z] >>> [apiv2][query] GET https://serviceusage.googleapis.com/v1/projects/sppu-notes-84332/services/ [none]
[debug] [2026-09-27T11:57:46.832Z] >>> [apiv2][(partial)header] GET https://serviceusage.googleapis.com/v1/projects/sppu-notes-84332/services/ x-goog-quota-user=projects/sppu-notes-84332
[debug] [2026-09-27T11:57:46.892Z] >>> [apiv2][query] GET https://serviceusage.googleapis.com/v1/projects/sppu-notes-84332/services/firebasedataconnect.googleapis.com [none]
[debug] [2026-09-27T11:57:46.893Z] >>> [apiv2][(partial)header] GET https://serviceusage.googleapis.com/v1/projects/sppu-notes-84332/services/firebasedataconnect.googleapis.com x-goog-quota-user=projects/sppu-notes-84332
[debug] [2026-09-27T11:57:46.895Z] >>> [apiv2][query] GET https://serviceusage.googleapis.com/v1/projects/sppu-notes-84332/services/firebasecrashlytics.googleapis.com [none]
[debug] [2026-09-27T11:57:46.896Z] >>> [apiv2][(partial)header] GET https://serviceusage.googleapis.com/v1/projects/sppu-notes-84332/services/firebasecrashlytics.googleapis.com x-goog-quota-user=projects/sppu-notes-84332
[debug] [2026-09-27T11:57:46.898Z] >>> [apiv2][query] GET https://serviceusage.googleapis.com/v1/projects/sppu-notes-84332/services/firebaseapphosting.googleapis.com [none]
[debug] [2026-09-27T11:57:46.898Z] >>> [apiv2][(partial)header] GET https://serviceusage.googleapis.com/v1/projects/sppu-notes-84332/services/firebaseapphosting.googleapis.com x-goog-quota-user=projects/sppu-notes-84332
[debug] [2026-09-27T11:57:46.900Z] >>> [apiv2][query] GET https://serviceusage.googleapis.com/v1/projects/sppu-notes-84332/services/firebaseio.com [none]
[debug] [2026-09-27T11:57:46.900Z] >>> [apiv2][(partial)header] GET https://serviceusage.googleapis.com/v1/projects/sppu-notes-84332/services/firebaseio.com x-goog-quota-user=projects/sppu-notes-84332
[debug] [2026-09-27T11:57:47.062Z] Checked if tokens are valid: true, expires at: 1790513819968
[debug] [2026-09-27T11:57:47.062Z] Checked if tokens are valid: true, expires at: 1790513819968
[debug] [2026-09-27T11:57:47.063Z] Checked if tokens are valid: true, expires at: 1790513819968
[debug] [2026-09-27T11:57:47.063Z] Checked if tokens are valid: true, expires at: 1790513819968
[debug] [2026-09-27T11:57:47.067Z] Checked if tokens are valid: true, expires at: 1790513819968
[debug] [2026-09-27T11:57:47.067Z] Checked if tokens are valid: true, expires at: 1790513819968
[debug] [2026-09-27T11:57:47.068Z] Checked if tokens are valid: true, expires at: 1790513819968
[debug] [2026-09-27T11:57:47.069Z] Checked if tokens are valid: true, expires at: 1790513819968
[debug] [2026-09-27T11:57:47.070Z] Checked if tokens are valid: true, expires at: 1790513819968
[debug] [2026-09-27T11:57:47.070Z] Checked if tokens are valid: true, expires at: 1790513819968
[debug] [2026-09-27T11:57:47.070Z] >>> [apiv2][query] GET https://serviceusage.googleapis.com/v1/projects/sppu-notes-84332/services/ [none]
[debug] [2026-09-27T11:57:47.070Z] >>> [apiv2][(partial)header] GET https://serviceusage.googleapis.com/v1/projects/sppu-notes-84332/services/ x-goog-quota-user=projects/sppu-notes-84332
[debug] [2026-09-27T11:57:47.072Z] >>> [apiv2][query] GET https://serviceusage.googleapis.com/v1/projects/sppu-notes-84332/services/firebasedataconnect.googleapis.com [none]
[debug] [2026-09-27T11:57:47.073Z] >>> [apiv2][(partial)header] GET https://serviceusage.googleapis.com/v1/projects/sppu-notes-84332/services/firebasedataconnect.googleapis.com x-goog-quota-user=projects/sppu-notes-84332
[debug] [2026-09-27T11:57:47.074Z] >>> [apiv2][query] GET https://serviceusage.googleapis.com/v1/projects/sppu-notes-84332/services/firebasecrashlytics.googleapis.com [none]
[debug] [2026-09-27T11:57:47.075Z] >>> [apiv2][(partial)header] GET https://serviceusage.googleapis.com/v1/projects/sppu-notes-84332/services/firebasecrashlytics.googleapis.com x-goog-quota-user=projects/sppu-notes-84332
[debug] [2026-09-27T11:57:47.076Z] >>> [apiv2][query] GET https://serviceusage.googleapis.com/v1/projects/sppu-notes-84332/services/firebaseapphosting.googleapis.com [none]
[debug] [2026-09-27T11:57:47.077Z] >>> [apiv2][(partial)header] GET https://serviceusage.googleapis.com/v1/projects/sppu-notes-84332/services/firebaseapphosting.googleapis.com x-goog-quota-user=projects/sppu-notes-84332
[debug] [2026-09-27T11:57:47.078Z] >>> [apiv2][query] GET https://serviceusage.googleapis.com/v1/projects/sppu-notes-84332/services/firebaseio.com [none]
[debug] [2026-09-27T11:57:47.079Z] >>> [apiv2][(partial)header] GET https://serviceusage.googleapis.com/v1/projects/sppu-notes-84332/services/firebaseio.com x-goog-quota-user=projects/sppu-notes-84332
[debug] [2026-09-27T11:57:47.095Z] Checked if tokens are valid: true, expires at: 1790513819968
[debug] [2026-09-27T11:57:47.098Z] Checked if tokens are valid: true, expires at: 1790513819968
[debug] [2026-09-27T11:57:47.099Z] Checked if tokens are valid: true, expires at: 1790513819968
[debug] [2026-09-27T11:57:47.099Z] Checked if tokens are valid: true, expires at: 1790513819968
[debug] [2026-09-27T11:57:47.102Z] Checked if tokens are valid: true, expires at: 1790513819968
[debug] [2026-09-27T11:57:47.103Z] Checked if tokens are valid: true, expires at: 1790513819968
[debug] [2026-09-27T11:57:47.105Z] Checked if tokens are valid: true, expires at: 1790513819968
[debug] [2026-09-27T11:57:47.105Z] Checked if tokens are valid: true, expires at: 1790513819968
[debug] [2026-09-27T11:57:47.107Z] Checked if tokens are valid: true, expires at: 1790513819968
[debug] [2026-09-27T11:57:47.108Z] Checked if tokens are valid: true, expires at: 1790513819968
[debug] [2026-09-27T11:57:47.110Z] >>> [apiv2][query] GET https://serviceusage.googleapis.com/v1/projects/sppu-notes-84332/services/ [none]
[debug] [2026-09-27T11:57:47.110Z] >>> [apiv2][(partial)header] GET https://serviceusage.googleapis.com/v1/projects/sppu-notes-84332/services/ x-goog-quota-user=projects/sppu-notes-84332
[debug] [2026-09-27T11:57:47.128Z] >>> [apiv2][query] GET https://serviceusage.googleapis.com/v1/projects/sppu-notes-84332/services/firebasedataconnect.googleapis.com [none]
[debug] [2026-09-27T11:57:47.128Z] >>> [apiv2][(partial)header] GET https://serviceusage.googleapis.com/v1/projects/sppu-notes-84332/services/firebasedataconnect.googleapis.com x-goog-quota-user=projects/sppu-notes-84332
[debug] [2026-09-27T11:57:47.130Z] >>> [apiv2][query] GET https://serviceusage.googleapis.com/v1/projects/sppu-notes-84332/services/firebasecrashlytics.googleapis.com [none]
[debug] [2026-09-27T11:57:47.130Z] >>> [apiv2][(partial)header] GET https://serviceusage.googleapis.com/v1/projects/sppu-notes-84332/services/firebasecrashlytics.googleapis.com x-goog-quota-user=projects/sppu-notes-84332
[debug] [2026-09-27T11:57:47.131Z] >>> [apiv2][query] GET https://serviceusage.googleapis.com/v1/projects/sppu-notes-84332/services/firebaseapphosting.googleapis.com [none]
[debug] [2026-09-27T11:57:47.131Z] >>> [apiv2][(partial)header] GET https://serviceusage.googleapis.com/v1/projects/sppu-notes-84332/services/firebaseapphosting.googleapis.com x-goog-quota-user=projects/sppu-notes-84332
[debug] [2026-09-27T11:57:47.132Z] >>> [apiv2][query] GET https://serviceusage.googleapis.com/v1/projects/sppu-notes-84332/services/firebaseio.com [none]
[debug] [2026-09-27T11:57:47.132Z] >>> [apiv2][(partial)header] GET https://serviceusage.googleapis.com/v1/projects/sppu-notes-84332/services/firebaseio.com x-goog-quota-user=projects/sppu-notes-84332
[debug] [2026-09-27T11:57:47.174Z] Checked if tokens are valid: true, expires at: 1790513819968
[debug] [2026-09-27T11:57:47.174Z] Checked if tokens are valid: true, expires at: 1790513819968
[debug] [2026-09-27T11:57:47.174Z] Checked if tokens are valid: true, expires at: 1790513819968
[debug] [2026-09-27T11:57:47.175Z] Checked if tokens are valid: true, expires at: 1790513819968
[debug] [2026-09-27T11:57:47.177Z] Checked if tokens are valid: true, expires at: 1790513819968
[debug] [2026-09-27T11:57:47.177Z] Checked if tokens are valid: true, expires at: 1790513819968
[debug] [2026-09-27T11:57:47.178Z] Checked if tokens are valid: true, expires at: 1790513819968
[debug] [2026-09-27T11:57:47.178Z] Checked if tokens are valid: true, expires at: 1790513819968
[debug] [2026-09-27T11:57:47.179Z] Checked if tokens are valid: true, expires at: 1790513819968
[debug] [2026-09-27T11:57:47.179Z] Checked if tokens are valid: true, expires at: 1790513819968
[debug] [2026-09-27T11:57:47.179Z] >>> [apiv2][query] GET https://serviceusage.googleapis.com/v1/projects/sppu-notes-84332/services/ [none]
[debug] [2026-09-27T11:57:47.179Z] >>> [apiv2][(partial)header] GET https://serviceusage.googleapis.com/v1/projects/sppu-notes-84332/services/ x-goog-quota-user=projects/sppu-notes-84332
[debug] [2026-09-27T11:57:47.180Z] >>> [apiv2][query] GET https://serviceusage.googleapis.com/v1/projects/sppu-notes-84332/services/firebasedataconnect.googleapis.com [none]
[debug] [2026-09-27T11:57:47.180Z] >>> [apiv2][(partial)header] GET https://serviceusage.googleapis.com/v1/projects/sppu-notes-84332/services/firebasedataconnect.googleapis.com x-goog-quota-user=projects/sppu-notes-84332
[debug] [2026-09-27T11:57:47.181Z] >>> [apiv2][query] GET https://serviceusage.googleapis.com/v1/projects/sppu-notes-84332/services/firebasecrashlytics.googleapis.com [none]
[debug] [2026-09-27T11:57:47.181Z] >>> [apiv2][(partial)header] GET https://serviceusage.googleapis.com/v1/projects/sppu-notes-84332/services/firebasecrashlytics.googleapis.com x-goog-quota-user=projects/sppu-notes-84332
[debug] [2026-09-27T11:57:47.183Z] >>> [apiv2][query] GET https://serviceusage.googleapis.com/v1/projects/sppu-notes-84332/services/firebaseapphosting.googleapis.com [none]
[debug] [2026-09-27T11:57:47.183Z] >>> [apiv2][(partial)header] GET https://serviceusage.googleapis.com/v1/projects/sppu-notes-84332/services/firebaseapphosting.googleapis.com x-goog-quota-user=projects/sppu-notes-84332
[debug] [2026-09-27T11:57:47.185Z] >>> [apiv2][query] GET https://serviceusage.googleapis.com/v1/projects/sppu-notes-84332/services/firebaseio.com [none]
[debug] [2026-09-27T11:57:47.185Z] >>> [apiv2][(partial)header] GET https://serviceusage.googleapis.com/v1/projects/sppu-notes-84332/services/firebaseio.com x-goog-quota-user=projects/sppu-notes-84332
[debug] [2026-09-27T11:57:48.656Z] <<< [apiv2][status] GET https://serviceusage.googleapis.com/v1/projects/sppu-notes-84332/services/firebaseio.com 403
[debug] [2026-09-27T11:57:48.656Z] <<< [apiv2][body] GET https://serviceusage.googleapis.com/v1/projects/sppu-notes-84332/services/firebaseio.com [omitted]
[debug] [2026-09-27T11:57:48.665Z] <<< [apiv2][status] GET https://serviceusage.googleapis.com/v1/projects/sppu-notes-84332/services/firebasedataconnect.googleapis.com 200
[debug] [2026-09-27T11:57:48.666Z] <<< [apiv2][body] GET https://serviceusage.googleapis.com/v1/projects/sppu-notes-84332/services/firebasedataconnect.googleapis.com [omitted]
[debug] [2026-09-27T11:57:48.666Z] <<< [apiv2][status] GET https://serviceusage.googleapis.com/v1/projects/sppu-notes-84332/services/firebasecrashlytics.googleapis.com 200
[debug] [2026-09-27T11:57:48.666Z] <<< [apiv2][body] GET https://serviceusage.googleapis.com/v1/projects/sppu-notes-84332/services/firebasecrashlytics.googleapis.com [omitted]
[debug] [2026-09-27T11:57:48.674Z] <<< [apiv2][status] GET https://serviceusage.googleapis.com/v1/projects/sppu-notes-84332/services/firebaseapphosting.googleapis.com 200
[debug] [2026-09-27T11:57:48.674Z] <<< [apiv2][body] GET https://serviceusage.googleapis.com/v1/projects/sppu-notes-84332/services/firebaseapphosting.googleapis.com [omitted]
[debug] [2026-09-27T11:57:48.965Z] <<< [apiv2][status] GET https://serviceusage.googleapis.com/v1/projects/sppu-notes-84332/services/firebasedataconnect.googleapis.com 200
[debug] [2026-09-27T11:57:48.965Z] <<< [apiv2][body] GET https://serviceusage.googleapis.com/v1/projects/sppu-notes-84332/services/firebasedataconnect.googleapis.com [omitted]
[debug] [2026-09-27T11:57:48.968Z] <<< [apiv2][status] GET https://serviceusage.googleapis.com/v1/projects/sppu-notes-84332/services/firebasecrashlytics.googleapis.com 200
[debug] [2026-09-27T11:57:48.968Z] <<< [apiv2][body] GET https://serviceusage.googleapis.com/v1/projects/sppu-notes-84332/services/firebasecrashlytics.googleapis.com [omitted]
[debug] [2026-09-27T11:57:48.980Z] <<< [apiv2][status] GET https://serviceusage.googleapis.com/v1/projects/sppu-notes-84332/services/firebaseapphosting.googleapis.com 200
[debug] [2026-09-27T11:57:48.980Z] <<< [apiv2][body] GET https://serviceusage.googleapis.com/v1/projects/sppu-notes-84332/services/firebaseapphosting.googleapis.com [omitted]
[debug] [2026-09-27T11:57:48.992Z] <<< [apiv2][status] GET https://serviceusage.googleapis.com/v1/projects/sppu-notes-84332/services/firebaseio.com 403
[debug] [2026-09-27T11:57:48.992Z] <<< [apiv2][body] GET https://serviceusage.googleapis.com/v1/projects/sppu-notes-84332/services/firebaseio.com [omitted]
[debug] [2026-09-27T11:57:49.003Z] <<< [apiv2][status] GET https://serviceusage.googleapis.com/v1/projects/sppu-notes-84332/services/firebaseio.com 403
[debug] [2026-09-27T11:57:49.003Z] <<< [apiv2][body] GET https://serviceusage.googleapis.com/v1/projects/sppu-notes-84332/services/firebaseio.com [omitted]
[debug] [2026-09-27T11:57:49.006Z] <<< [apiv2][status] GET https://serviceusage.googleapis.com/v1/projects/sppu-notes-84332/services/firebasedataconnect.googleapis.com 200
[debug] [2026-09-27T11:57:49.006Z] <<< [apiv2][body] GET https://serviceusage.googleapis.com/v1/projects/sppu-notes-84332/services/firebasedataconnect.googleapis.com [omitted]
[debug] [2026-09-27T11:57:48.993Z] <<< [apiv2][status] GET https://serviceusage.googleapis.com/v1/projects/sppu-notes-84332/services/ 200
[debug] [2026-09-27T11:57:48.994Z] <<< [apiv2][body] GET https://serviceusage.googleapis.com/v1/projects/sppu-notes-84332/services/ [omitted]
[debug] [2026-09-27T11:57:49.006Z] > command requires scopes: ["email","openid","https://www.googleapis.com/auth/cloudplatformprojects.readonly","https://www.googleapis.com/auth/firebase","https://www.googleapis.com/auth/cloud-platform"]
[debug] [2026-09-27T11:57:49.006Z] > authorizing via signed-in user (tejaschinchole2@gmail.com)
[debug] [2026-09-27T11:57:49.007Z] <<< [apiv2][status] GET https://serviceusage.googleapis.com/v1/projects/sppu-notes-84332/services/firebaseapphosting.googleapis.com 200
[debug] [2026-09-27T11:57:49.007Z] <<< [apiv2][body] GET https://serviceusage.googleapis.com/v1/projects/sppu-notes-84332/services/firebaseapphosting.googleapis.com [omitted]
[debug] [2026-09-27T11:57:49.010Z] <<< [apiv2][status] GET https://serviceusage.googleapis.com/v1/projects/sppu-notes-84332/services/ 200
[debug] [2026-09-27T11:57:49.010Z] <<< [apiv2][body] GET https://serviceusage.googleapis.com/v1/projects/sppu-notes-84332/services/ [omitted]
[debug] [2026-09-27T11:57:49.011Z] <<< [apiv2][status] GET https://serviceusage.googleapis.com/v1/projects/sppu-notes-84332/services/firebasecrashlytics.googleapis.com 200
[debug] [2026-09-27T11:57:49.011Z] <<< [apiv2][body] GET https://serviceusage.googleapis.com/v1/projects/sppu-notes-84332/services/firebasecrashlytics.googleapis.com [omitted]
[debug] [2026-09-27T11:57:49.029Z] <<< [apiv2][status] GET https://serviceusage.googleapis.com/v1/projects/sppu-notes-84332/services/firebasedataconnect.googleapis.com 200
[debug] [2026-09-27T11:57:49.029Z] <<< [apiv2][body] GET https://serviceusage.googleapis.com/v1/projects/sppu-notes-84332/services/firebasedataconnect.googleapis.com [omitted]
[debug] [2026-09-27T11:57:49.032Z] <<< [apiv2][status] GET https://serviceusage.googleapis.com/v1/projects/sppu-notes-84332/services/firebaseio.com 403
[debug] [2026-09-27T11:57:49.032Z] <<< [apiv2][body] GET https://serviceusage.googleapis.com/v1/projects/sppu-notes-84332/services/firebaseio.com [omitted]
[debug] [2026-09-27T11:57:49.046Z] <<< [apiv2][status] GET https://serviceusage.googleapis.com/v1/projects/sppu-notes-84332/services/firebaseapphosting.googleapis.com 200
[debug] [2026-09-27T11:57:49.046Z] <<< [apiv2][body] GET https://serviceusage.googleapis.com/v1/projects/sppu-notes-84332/services/firebaseapphosting.googleapis.com [omitted]
[debug] [2026-09-27T11:57:49.047Z] <<< [apiv2][status] GET https://serviceusage.googleapis.com/v1/projects/sppu-notes-84332/services/ 200
[debug] [2026-09-27T11:57:49.047Z] <<< [apiv2][body] GET https://serviceusage.googleapis.com/v1/projects/sppu-notes-84332/services/ [omitted]
[debug] [2026-09-27T11:57:49.056Z] <<< [apiv2][status] GET https://serviceusage.googleapis.com/v1/projects/sppu-notes-84332/services/firebasecrashlytics.googleapis.com 200
[debug] [2026-09-27T11:57:49.056Z] <<< [apiv2][body] GET https://serviceusage.googleapis.com/v1/projects/sppu-notes-84332/services/firebasecrashlytics.googleapis.com [omitted]
[debug] [2026-09-27T11:57:49.074Z] > command requires scopes: ["email","openid","https://www.googleapis.com/auth/cloudplatformprojects.readonly","https://www.googleapis.com/auth/firebase","https://www.googleapis.com/auth/cloud-platform"]
[debug] [2026-09-27T11:57:49.074Z] > authorizing via signed-in user (tejaschinchole2@gmail.com)
[debug] [2026-09-27T11:57:49.354Z] <<< [apiv2][status] GET https://serviceusage.googleapis.com/v1/projects/sppu-notes-84332/services/ 200
[debug] [2026-09-27T11:57:49.354Z] <<< [apiv2][body] GET https://serviceusage.googleapis.com/v1/projects/sppu-notes-84332/services/ [omitted]
[debug] [2026-09-27T11:57:49.320Z] Checked if tokens are valid: true, expires at: 1790513819968
[debug] [2026-09-27T11:57:49.323Z] Checked if tokens are valid: true, expires at: 1790513819968
[debug] [2026-09-27T11:57:49.324Z] Checked if tokens are valid: true, expires at: 1790513819968
[debug] [2026-09-27T11:57:49.324Z] Checked if tokens are valid: true, expires at: 1790513819968
[debug] [2026-09-27T11:57:49.327Z] Checked if tokens are valid: true, expires at: 1790513819968
[debug] [2026-09-27T11:57:49.327Z] Checked if tokens are valid: true, expires at: 1790513819968
[debug] [2026-09-27T11:57:49.328Z] Checked if tokens are valid: true, expires at: 1790513819968
[debug] [2026-09-27T11:57:49.329Z] Checked if tokens are valid: true, expires at: 1790513819968
[debug] [2026-09-27T11:57:49.331Z] Checked if tokens are valid: true, expires at: 1790513819968
[debug] [2026-09-27T11:57:49.331Z] Checked if tokens are valid: true, expires at: 1790513819968
[debug] [2026-09-27T11:57:49.332Z] >>> [apiv2][query] GET https://serviceusage.googleapis.com/v1/projects/sppu-notes-84332/services/ [none]
[debug] [2026-09-27T11:57:49.332Z] >>> [apiv2][(partial)header] GET https://serviceusage.googleapis.com/v1/projects/sppu-notes-84332/services/ x-goog-quota-user=projects/sppu-notes-84332
[debug] [2026-09-27T11:57:49.349Z] >>> [apiv2][query] GET https://serviceusage.googleapis.com/v1/projects/sppu-notes-84332/services/firebasedataconnect.googleapis.com [none]
[debug] [2026-09-27T11:57:49.349Z] >>> [apiv2][(partial)header] GET https://serviceusage.googleapis.com/v1/projects/sppu-notes-84332/services/firebasedataconnect.googleapis.com x-goog-quota-user=projects/sppu-notes-84332
[debug] [2026-09-27T11:57:49.352Z] >>> [apiv2][query] GET https://serviceusage.googleapis.com/v1/projects/sppu-notes-84332/services/firebasecrashlytics.googleapis.com [none]
[debug] [2026-09-27T11:57:49.352Z] >>> [apiv2][(partial)header] GET https://serviceusage.googleapis.com/v1/projects/sppu-notes-84332/services/firebasecrashlytics.googleapis.com x-goog-quota-user=projects/sppu-notes-84332
[debug] [2026-09-27T11:57:49.353Z] >>> [apiv2][query] GET https://serviceusage.googleapis.com/v1/projects/sppu-notes-84332/services/firebaseapphosting.googleapis.com [none]
[debug] [2026-09-27T11:57:49.353Z] >>> [apiv2][(partial)header] GET https://serviceusage.googleapis.com/v1/projects/sppu-notes-84332/services/firebaseapphosting.googleapis.com x-goog-quota-user=projects/sppu-notes-84332
[debug] [2026-09-27T11:57:49.354Z] >>> [apiv2][query] GET https://serviceusage.googleapis.com/v1/projects/sppu-notes-84332/services/firebaseio.com [none]
[debug] [2026-09-27T11:57:49.354Z] >>> [apiv2][(partial)header] GET https://serviceusage.googleapis.com/v1/projects/sppu-notes-84332/services/firebaseio.com x-goog-quota-user=projects/sppu-notes-84332
[debug] [2026-09-27T11:57:49.392Z] Checked if tokens are valid: true, expires at: 1790513819968
[debug] [2026-09-27T11:57:49.392Z] Checked if tokens are valid: true, expires at: 1790513819968
[debug] [2026-09-27T11:57:49.392Z] Checked if tokens are valid: true, expires at: 1790513819968
[debug] [2026-09-27T11:57:49.392Z] Checked if tokens are valid: true, expires at: 1790513819968
[debug] [2026-09-27T11:57:49.395Z] Checked if tokens are valid: true, expires at: 1790513819968
[debug] [2026-09-27T11:57:49.396Z] Checked if tokens are valid: true, expires at: 1790513819968
[debug] [2026-09-27T11:57:49.397Z] Checked if tokens are valid: true, expires at: 1790513819968
[debug] [2026-09-27T11:57:49.397Z] Checked if tokens are valid: true, expires at: 1790513819968
[debug] [2026-09-27T11:57:49.400Z] Checked if tokens are valid: true, expires at: 1790513819968
[debug] [2026-09-27T11:57:49.400Z] Checked if tokens are valid: true, expires at: 1790513819968
[debug] [2026-09-27T11:57:49.400Z] >>> [apiv2][query] GET https://serviceusage.googleapis.com/v1/projects/sppu-notes-84332/services/ [none]
[debug] [2026-09-27T11:57:49.400Z] >>> [apiv2][(partial)header] GET https://serviceusage.googleapis.com/v1/projects/sppu-notes-84332/services/ x-goog-quota-user=projects/sppu-notes-84332
[debug] [2026-09-27T11:57:49.401Z] >>> [apiv2][query] GET https://serviceusage.googleapis.com/v1/projects/sppu-notes-84332/services/firebasedataconnect.googleapis.com [none]
[debug] [2026-09-27T11:57:49.401Z] >>> [apiv2][(partial)header] GET https://serviceusage.googleapis.com/v1/projects/sppu-notes-84332/services/firebasedataconnect.googleapis.com x-goog-quota-user=projects/sppu-notes-84332
[debug] [2026-09-27T11:57:49.403Z] >>> [apiv2][query] GET https://serviceusage.googleapis.com/v1/projects/sppu-notes-84332/services/firebasecrashlytics.googleapis.com [none]
[debug] [2026-09-27T11:57:49.403Z] >>> [apiv2][(partial)header] GET https://serviceusage.googleapis.com/v1/projects/sppu-notes-84332/services/firebasecrashlytics.googleapis.com x-goog-quota-user=projects/sppu-notes-84332
[debug] [2026-09-27T11:57:49.404Z] >>> [apiv2][query] GET https://serviceusage.googleapis.com/v1/projects/sppu-notes-84332/services/firebaseapphosting.googleapis.com [none]
[debug] [2026-09-27T11:57:49.404Z] >>> [apiv2][(partial)header] GET https://serviceusage.googleapis.com/v1/projects/sppu-notes-84332/services/firebaseapphosting.googleapis.com x-goog-quota-user=projects/sppu-notes-84332
[debug] [2026-09-27T11:57:49.406Z] >>> [apiv2][query] GET https://serviceusage.googleapis.com/v1/projects/sppu-notes-84332/services/firebaseio.com [none]
[debug] [2026-09-27T11:57:49.406Z] >>> [apiv2][(partial)header] GET https://serviceusage.googleapis.com/v1/projects/sppu-notes-84332/services/firebaseio.com x-goog-quota-user=projects/sppu-notes-84332
[debug] [2026-09-27T11:57:49.930Z] <<< [apiv2][status] GET https://serviceusage.googleapis.com/v1/projects/sppu-notes-84332/services/firebasecrashlytics.googleapis.com 200
[debug] [2026-09-27T11:57:49.930Z] <<< [apiv2][body] GET https://serviceusage.googleapis.com/v1/projects/sppu-notes-84332/services/firebasecrashlytics.googleapis.com [omitted]
[debug] [2026-09-27T11:57:51.144Z] <<< [apiv2][status] GET https://serviceusage.googleapis.com/v1/projects/sppu-notes-84332/services/firebaseio.com 403
[debug] [2026-09-27T11:57:51.145Z] <<< [apiv2][body] GET https://serviceusage.googleapis.com/v1/projects/sppu-notes-84332/services/firebaseio.com [omitted]
[debug] [2026-09-27T11:57:51.148Z] <<< [apiv2][status] GET https://serviceusage.googleapis.com/v1/projects/sppu-notes-84332/services/firebasedataconnect.googleapis.com 200
[debug] [2026-09-27T11:57:51.148Z] <<< [apiv2][body] GET https://serviceusage.googleapis.com/v1/projects/sppu-notes-84332/services/firebasedataconnect.googleapis.com [omitted]
[debug] [2026-09-27T11:57:51.153Z] <<< [apiv2][status] GET https://serviceusage.googleapis.com/v1/projects/sppu-notes-84332/services/firebaseio.com 403
[debug] [2026-09-27T11:57:51.153Z] <<< [apiv2][body] GET https://serviceusage.googleapis.com/v1/projects/sppu-notes-84332/services/firebaseio.com [omitted]
[debug] [2026-09-27T11:57:51.162Z] <<< [apiv2][status] GET https://serviceusage.googleapis.com/v1/projects/sppu-notes-84332/services/firebasedataconnect.googleapis.com 200
[debug] [2026-09-27T11:57:51.162Z] <<< [apiv2][body] GET https://serviceusage.googleapis.com/v1/projects/sppu-notes-84332/services/firebasedataconnect.googleapis.com [omitted]
[debug] [2026-09-27T11:57:51.171Z] <<< [apiv2][status] GET https://serviceusage.googleapis.com/v1/projects/sppu-notes-84332/services/firebasecrashlytics.googleapis.com 200
[debug] [2026-09-27T11:57:51.171Z] <<< [apiv2][body] GET https://serviceusage.googleapis.com/v1/projects/sppu-notes-84332/services/firebasecrashlytics.googleapis.com [omitted]
[debug] [2026-09-27T11:57:51.175Z] <<< [apiv2][status] GET https://serviceusage.googleapis.com/v1/projects/sppu-notes-84332/services/firebaseapphosting.googleapis.com 200
[debug] [2026-09-27T11:57:51.175Z] <<< [apiv2][body] GET https://serviceusage.googleapis.com/v1/projects/sppu-notes-84332/services/firebaseapphosting.googleapis.com [omitted]
[debug] [2026-09-27T11:57:51.198Z] <<< [apiv2][status] GET https://serviceusage.googleapis.com/v1/projects/sppu-notes-84332/services/firebaseapphosting.googleapis.com 200
[debug] [2026-09-27T11:57:51.199Z] <<< [apiv2][body] GET https://serviceusage.googleapis.com/v1/projects/sppu-notes-84332/services/firebaseapphosting.googleapis.com [omitted]
[debug] [2026-09-27T11:57:51.230Z] <<< [apiv2][status] GET https://serviceusage.googleapis.com/v1/projects/sppu-notes-84332/services/ 200
[debug] [2026-09-27T11:57:51.230Z] <<< [apiv2][body] GET https://serviceusage.googleapis.com/v1/projects/sppu-notes-84332/services/ [omitted]
[debug] [2026-09-27T11:57:51.491Z] <<< [apiv2][status] GET https://serviceusage.googleapis.com/v1/projects/sppu-notes-84332/services/ 200
[debug] [2026-09-27T11:57:51.491Z] <<< [apiv2][body] GET https://serviceusage.googleapis.com/v1/projects/sppu-notes-84332/services/ [omitted]
[debug] [2026-09-27T11:57:51.502Z] > command requires scopes: ["email","openid","https://www.googleapis.com/auth/cloudplatformprojects.readonly","https://www.googleapis.com/auth/firebase","https://www.googleapis.com/auth/cloud-platform"]
[debug] [2026-09-27T11:57:51.503Z] > authorizing via signed-in user (tejaschinchole2@gmail.com)
[debug] [2026-09-27T11:57:53.083Z] Checked if tokens are valid: true, expires at: 1790513819968
[debug] [2026-09-27T11:57:53.086Z] Checked if tokens are valid: true, expires at: 1790513819968
[debug] [2026-09-27T11:57:53.092Z] Checked if tokens are valid: true, expires at: 1790513819968
[debug] [2026-09-27T11:57:53.092Z] Checked if tokens are valid: true, expires at: 1790513819968
[debug] [2026-09-27T11:57:53.095Z] Checked if tokens are valid: true, expires at: 1790513819968
[debug] [2026-09-27T11:57:53.095Z] Checked if tokens are valid: true, expires at: 1790513819968
[debug] [2026-09-27T11:57:53.096Z] Checked if tokens are valid: true, expires at: 1790513819968
[debug] [2026-09-27T11:57:53.096Z] Checked if tokens are valid: true, expires at: 1790513819968
[debug] [2026-09-27T11:57:53.097Z] Checked if tokens are valid: true, expires at: 1790513819968
[debug] [2026-09-27T11:57:53.097Z] Checked if tokens are valid: true, expires at: 1790513819968
[debug] [2026-09-27T11:57:53.098Z] >>> [apiv2][query] GET https://serviceusage.googleapis.com/v1/projects/sppu-notes-84332/services/ [none]
[debug] [2026-09-27T11:57:53.098Z] >>> [apiv2][(partial)header] GET https://serviceusage.googleapis.com/v1/projects/sppu-notes-84332/services/ x-goog-quota-user=projects/sppu-notes-84332
[debug] [2026-09-27T11:57:53.149Z] >>> [apiv2][query] GET https://serviceusage.googleapis.com/v1/projects/sppu-notes-84332/services/firebasedataconnect.googleapis.com [none]
[debug] [2026-09-27T11:57:53.149Z] >>> [apiv2][(partial)header] GET https://serviceusage.googleapis.com/v1/projects/sppu-notes-84332/services/firebasedataconnect.googleapis.com x-goog-quota-user=projects/sppu-notes-84332
[debug] [2026-09-27T11:57:53.154Z] >>> [apiv2][query] GET https://serviceusage.googleapis.com/v1/projects/sppu-notes-84332/services/firebasecrashlytics.googleapis.com [none]
[debug] [2026-09-27T11:57:53.155Z] >>> [apiv2][(partial)header] GET https://serviceusage.googleapis.com/v1/projects/sppu-notes-84332/services/firebasecrashlytics.googleapis.com x-goog-quota-user=projects/sppu-notes-84332
[debug] [2026-09-27T11:57:53.158Z] >>> [apiv2][query] GET https://serviceusage.googleapis.com/v1/projects/sppu-notes-84332/services/firebaseapphosting.googleapis.com [none]
[debug] [2026-09-27T11:57:53.159Z] >>> [apiv2][(partial)header] GET https://serviceusage.googleapis.com/v1/projects/sppu-notes-84332/services/firebaseapphosting.googleapis.com x-goog-quota-user=projects/sppu-notes-84332
[debug] [2026-09-27T11:57:53.160Z] >>> [apiv2][query] GET https://serviceusage.googleapis.com/v1/projects/sppu-notes-84332/services/firebaseio.com [none]
[debug] [2026-09-27T11:57:53.160Z] >>> [apiv2][(partial)header] GET https://serviceusage.googleapis.com/v1/projects/sppu-notes-84332/services/firebaseio.com x-goog-quota-user=projects/sppu-notes-84332
[debug] [2026-09-27T11:57:53.203Z] Checked if tokens are valid: true, expires at: 1790513819968
[debug] [2026-09-27T11:57:53.203Z] Checked if tokens are valid: true, expires at: 1790513819968
[debug] [2026-09-27T11:57:53.205Z] Checked if tokens are valid: true, expires at: 1790513819968
[debug] [2026-09-27T11:57:53.205Z] Checked if tokens are valid: true, expires at: 1790513819968
[debug] [2026-09-27T11:57:53.209Z] Checked if tokens are valid: true, expires at: 1790513819968
[debug] [2026-09-27T11:57:53.209Z] Checked if tokens are valid: true, expires at: 1790513819968
[debug] [2026-09-27T11:57:53.209Z] Checked if tokens are valid: true, expires at: 1790513819968
[debug] [2026-09-27T11:57:53.210Z] Checked if tokens are valid: true, expires at: 1790513819968
[debug] [2026-09-27T11:57:53.210Z] Checked if tokens are valid: true, expires at: 1790513819968
[debug] [2026-09-27T11:57:53.210Z] Checked if tokens are valid: true, expires at: 1790513819968
[debug] [2026-09-27T11:57:53.211Z] >>> [apiv2][query] GET https://serviceusage.googleapis.com/v1/projects/sppu-notes-84332/services/ [none]
[debug] [2026-09-27T11:57:53.211Z] >>> [apiv2][(partial)header] GET https://serviceusage.googleapis.com/v1/projects/sppu-notes-84332/services/ x-goog-quota-user=projects/sppu-notes-84332
[debug] [2026-09-27T11:57:53.212Z] >>> [apiv2][query] GET https://serviceusage.googleapis.com/v1/projects/sppu-notes-84332/services/firebasedataconnect.googleapis.com [none]
[debug] [2026-09-27T11:57:53.212Z] >>> [apiv2][(partial)header] GET https://serviceusage.googleapis.com/v1/projects/sppu-notes-84332/services/firebasedataconnect.googleapis.com x-goog-quota-user=projects/sppu-notes-84332
[debug] [2026-09-27T11:57:53.213Z] >>> [apiv2][query] GET https://serviceusage.googleapis.com/v1/projects/sppu-notes-84332/services/firebasecrashlytics.googleapis.com [none]
[debug] [2026-09-27T11:57:53.213Z] >>> [apiv2][(partial)header] GET https://serviceusage.googleapis.com/v1/projects/sppu-notes-84332/services/firebasecrashlytics.googleapis.com x-goog-quota-user=projects/sppu-notes-84332
[debug] [2026-09-27T11:57:53.214Z] >>> [apiv2][query] GET https://serviceusage.googleapis.com/v1/projects/sppu-notes-84332/services/firebaseapphosting.googleapis.com [none]
[debug] [2026-09-27T11:57:53.214Z] >>> [apiv2][(partial)header] GET https://serviceusage.googleapis.com/v1/projects/sppu-notes-84332/services/firebaseapphosting.googleapis.com x-goog-quota-user=projects/sppu-notes-84332
[debug] [2026-09-27T11:57:53.215Z] >>> [apiv2][query] GET https://serviceusage.googleapis.com/v1/projects/sppu-notes-84332/services/firebaseio.com [none]
[debug] [2026-09-27T11:57:53.215Z] >>> [apiv2][(partial)header] GET https://serviceusage.googleapis.com/v1/projects/sppu-notes-84332/services/firebaseio.com x-goog-quota-user=projects/sppu-notes-84332
[debug] [2026-09-27T11:57:54.896Z] <<< [apiv2][status] GET https://serviceusage.googleapis.com/v1/projects/sppu-notes-84332/services/firebasedataconnect.googleapis.com 200
[debug] [2026-09-27T11:57:54.896Z] <<< [apiv2][body] GET https://serviceusage.googleapis.com/v1/projects/sppu-notes-84332/services/firebasedataconnect.googleapis.com [omitted]
[debug] [2026-09-27T11:57:54.923Z] <<< [apiv2][status] GET https://serviceusage.googleapis.com/v1/projects/sppu-notes-84332/services/firebaseio.com 403
[debug] [2026-09-27T11:57:54.923Z] <<< [apiv2][body] GET https://serviceusage.googleapis.com/v1/projects/sppu-notes-84332/services/firebaseio.com [omitted]
[debug] [2026-09-27T11:57:54.929Z] <<< [apiv2][status] GET https://serviceusage.googleapis.com/v1/projects/sppu-notes-84332/services/firebaseapphosting.googleapis.com 200
[debug] [2026-09-27T11:57:54.929Z] <<< [apiv2][body] GET https://serviceusage.googleapis.com/v1/projects/sppu-notes-84332/services/firebaseapphosting.googleapis.com [omitted]
[debug] [2026-09-27T11:57:54.930Z] <<< [apiv2][status] GET https://serviceusage.googleapis.com/v1/projects/sppu-notes-84332/services/firebasecrashlytics.googleapis.com 200
[debug] [2026-09-27T11:57:54.931Z] <<< [apiv2][body] GET https://serviceusage.googleapis.com/v1/projects/sppu-notes-84332/services/firebasecrashlytics.googleapis.com [omitted]
[debug] [2026-09-27T11:57:54.935Z] <<< [apiv2][status] GET https://serviceusage.googleapis.com/v1/projects/sppu-notes-84332/services/firebaseio.com 403
[debug] [2026-09-27T11:57:54.935Z] <<< [apiv2][body] GET https://serviceusage.googleapis.com/v1/projects/sppu-notes-84332/services/firebaseio.com [omitted]
[debug] [2026-09-27T11:57:54.949Z] <<< [apiv2][status] GET https://serviceusage.googleapis.com/v1/projects/sppu-notes-84332/services/firebasecrashlytics.googleapis.com 200
[debug] [2026-09-27T11:57:54.949Z] <<< [apiv2][body] GET https://serviceusage.googleapis.com/v1/projects/sppu-notes-84332/services/firebasecrashlytics.googleapis.com [omitted]
[debug] [2026-09-27T11:57:54.961Z] <<< [apiv2][status] GET https://serviceusage.googleapis.com/v1/projects/sppu-notes-84332/services/firebaseapphosting.googleapis.com 200
[debug] [2026-09-27T11:57:54.961Z] <<< [apiv2][body] GET https://serviceusage.googleapis.com/v1/projects/sppu-notes-84332/services/firebaseapphosting.googleapis.com [omitted]
[debug] [2026-09-27T11:57:54.966Z] <<< [apiv2][status] GET https://serviceusage.googleapis.com/v1/projects/sppu-notes-84332/services/firebasedataconnect.googleapis.com 200
[debug] [2026-09-27T11:57:54.966Z] <<< [apiv2][body] GET https://serviceusage.googleapis.com/v1/projects/sppu-notes-84332/services/firebasedataconnect.googleapis.com [omitted]
[debug] [2026-09-27T11:57:55.324Z] <<< [apiv2][status] GET https://serviceusage.googleapis.com/v1/projects/sppu-notes-84332/services/ 200
[debug] [2026-09-27T11:57:55.324Z] <<< [apiv2][body] GET https://serviceusage.googleapis.com/v1/projects/sppu-notes-84332/services/ [omitted]
[debug] [2026-09-27T11:57:55.382Z] <<< [apiv2][status] GET https://serviceusage.googleapis.com/v1/projects/sppu-notes-84332/services/ 200
[debug] [2026-09-27T11:57:55.382Z] <<< [apiv2][body] GET https://serviceusage.googleapis.com/v1/projects/sppu-notes-84332/services/ [omitted]
[debug] [2026-09-27T11:57:55.400Z] > command requires scopes: ["email","openid","https://www.googleapis.com/auth/cloudplatformprojects.readonly","https://www.googleapis.com/auth/firebase","https://www.googleapis.com/auth/cloud-platform"]
[debug] [2026-09-27T11:57:55.401Z] > authorizing via signed-in user (tejaschinchole2@gmail.com)
